0,7.549,0,0,1
0.005,6.789,0,0,1
0.01,7.115,0,0,1
0.015,7.332,0,0,1
0.02,8.093,0,0,1
0.025,7.224,0,0,1
0.03,6.137,0,0,1
0.035,7.549,0,0,1
0.04,7.767,0,0,1
0.045,7.658,0,0,1
0.05,8.093,0,0,1
0.055,8.201,0,0,1
0.06,6.898,0,0,1
0.065,7.658,0,0,1
0.07,7.658,0,0,1
0.075,7.332,0,0,1
0.08,7.006,0,0,1
0.085,7.441,0,0,1
0.09,7.332,0,0,1
0.095,7.224,0,0,1
0.1,7.875,0,0,1
0.105,7.875,0,0,1
0.11,8.093,0,0,1
0.115,8.418,0,0,1
0.12,6.789,0,0,1
0.125,7.332,0,0,1
0.13,8.201,0,0,1
0.135,8.31,0,0,1
0.14,7.441,0,0,1
0.145,7.875,0,0,1
0.15,7.984,0,0,1
0.155,7.332,0,0,1
0.16,7.224,0,0,1
0.165,6.789,0,0,1
0.17,8.201,0,0,1
0.175,7.767,0,0,1
0.18,7.224,0,0,1
0.185,8.201,0,0,1
0.19,8.418,0,0,1
0.195,8.418,0,0,1
0.2,8.093,0,0,1
0.205,7.658,0,0,1
0.21,8.418,0,0,1
0.215,9.396,0,0,1
0.22,8.962,0,0,1
0.225,8.962,0,0,1
0.23,8.527,0,0,1
0.235,9.07,0,0,1
0.24,8.527,0,0,1
0.245,8.962,0,0,1
0.25,9.396,0,0,1
0.255,9.07,0,0,1
0.26,9.505,0,0,1
0.265,10.048,0,0,1
0.27,9.07,0,0,1
0.275,9.613,0,0,1
0.28,8.31,0,0,1
0.285,8.853,0,0,1
0.29,7.875,0,0,1
0.295,8.962,0,0,1
0.3,8.31,0,0,1
0.305,9.07,0,0,1
0.31,8.636,0,0,1
0.315,8.962,0,0,1
0.32,8.853,0,0,1
0.325,8.31,0,0,1
0.33,9.613,0,0,1
0.335,9.179,0,0,1
0.34,9.07,0,0,1
0.345,9.07,0,0,1
0.35,9.939,0,0,1
0.355,9.179,0,0,1
0.36,9.396,0,0,1
0.365,9.939,0,0,1
0.37,9.396,0,0,1
0.375,10.374,0,0,1
0.38,8.636,0,0,1
0.385,10.048,0,0,1
0.39,9.939,0,0,1
0.395,9.287,0,0,1
0.4,8.853,0,0,1
0.405,9.722,0,0,1
0.41,9.505,0,0,1
0.415,9.287,0,0,1
0.42,9.613,0,0,1
0.425,8.962,0,0,1
0.43,9.722,0,0,1
0.435,9.287,0,0,1
0.44,10.157,0,0,1
0.445,10.157,0,0,1
0.45,10.265,0,0,1
0.455,7.875,0,0,1
0.46,10.374,0,0,1
0.465,9.722,0,0,1
0.47,10.048,0,0,1
0.475,9.831,0,0,1
0.48,10.7,0,0,1
0.485,10.808,0,0,1
0.49,9.722,0,0,1
0.495,10.048,0,0,1
0.5,10.048,0,0,1
0.505,10.591,0,0,1
0.51,10.265,0,0,1
0.515,9.287,0,0,1
0.52,10.808,0,0,1
0.525,11.351,0,0,1
0.53,10.157,0,0,1
0.535,11.134,0,0,1
0.54,12.003,0,0,1
0.545,12.329,0,0,1
0.55,11.243,0,0,1
0.555,12.112,0,0,1
0.56,11.677,0,0,1
0.565,12.655,0,0,1
0.57,11.351,0,0,1
0.575,10.7,0,0,1
0.58,11.895,0,0,1
0.585,11.786,0,0,1
0.59,10.7,0,0,1
0.595,10.7,0,0,1
0.6,10.591,0,0,1
0.605,11.026,0,0,1
0.61,10.374,0,0,1
0.615,10.048,0,0,1
0.62,11.351,0,0,1
0.625,11.351,0,0,1
0.63,9.939,0,0,1
0.635,9.07,0,0,1
0.64,11.895,0,0,1
0.645,10.7,0,0,1
0.65,11.786,0,0,1
0.655,11.46,0,0,1
0.66,11.026,0,0,1
0.665,11.243,0,0,1
0.67,10.482,0,0,1
0.675,11.134,0,0,1
0.68,12.764,0,0,1
0.685,12.764,0,0,1
0.69,12.981,0,0,1
0.695,12.22,0,0,1
0.7,12.872,0,0,1
0.705,12.655,0,0,1
0.71,13.633,0,0,1
0.715,13.958,0,0,1
0.72,12.872,0,0,1
0.725,11.677,0,0,1
0.73,12.655,0,0,1
0.735,14.284,0,0,1
0.74,14.502,0,0,1
0.745,11.786,0,0,1
0.75,12.764,0,0,1
0.755,13.633,0,0,1
0.76,14.502,0,0,1
0.765,12.981,0,0,1
0.77,13.307,0,0,1
0.775,14.719,0,0,1
0.78,14.827,0,0,1
0.785,13.524,0,0,1
0.79,14.502,0,0,1
0.795,14.719,0,0,1
0.8,15.371,0,0,1
0.805,13.85,0,0,1
0.81,14.502,0,0,1
0.815,15.696,0,0,1
0.82,15.588,0,0,1
0.825,15.696,0,0,1
0.83,15.588,0,0,1
0.835,15.805,0,0,1
0.84,16,0,0,1
0.845,15.805,0,0,1
0.85,16.24,0,0,1
0.855,16.457,0,0,1
0.86,16.783,0,0,1
0.865,15.588,0,0,1
0.87,16.891,0,0,1
0.875,16.131,0,0,1
0.88,15.153,0,0,1
0.885,15.479,0,0,0
0.89,15.805,0,0,0
0.895,15.262,0,0,0
0.9,15.588,0,0,0
0.905,15.588,0,0,0
0.91,16.891,0,0,0
0.915,17.543,0,0,0
0.92,17.109,0,0,0
0.925,16.674,0,0,0
0.93,16.783,0,0,0
0.935,17.109,0,0,0
0.94,17.652,0,0,0
0.945,15.805,0,0,0
0.95,17.869,0,0,0
0.955,18.738,0,0,0
0.96,20.15,0,0,0
0.965,19.498,0,0,0
0.97,15.479,0,0,0
0.975,13.089,0,0,0
0.98,9.07,0,0,0
0.985,7.658,0,0,0
0.99,7.332,0,0,0
0.995,7.332,0,0,0
1,6.463,0,0,0
1.005,6.572,0,0,0
1.01,6.68,0,0,0
1.015,5.594,0,0,0
1.02,5.051,0,0,0
1.025,3.965,0,0,0
1.03,4.725,0,0,0
1.035,3.096,0,0,0
1.04,2.987,0,0,0
1.045,0.923,0,0,0
1.05,2.987,0,0,0
1.055,2.335,0,0,0
1.06,1.466,0,0,0
1.065,-0.596,0,0,0
1.07,1.575,0,0,0
1.075,1.141,0,0,0
1.08,0.923,0,0,0
1.085,0.597,0,0,0
1.09,1.358,0,0,0
1.095,0.923,0,0,0
1.1,-0.379,0,0,0
1.105,0.272,0,0,0
1.11,0.706,0,0,0
1.115,0.38,0,0,0
1.12,-0.596,0,0,0
1.125,-0.596,0,0,0
1.13,-1.248,0,0,0
1.135,-0.814,0,0,0
1.14,-2.009,0,0,0
1.145,-2.226,0,0,0
1.15,-2.117,0,0,0
1.155,-2.986,0,0,0
1.16,-3.312,0,0,0
1.165,-2.878,0,0,0
1.17,-3.312,0,0,0
1.175,-3.203,0,0,0
1.18,-3.421,0,0,0
1.185,-4.398,0,0,0
1.19,-4.29,0,0,0
1.195,-5.593,0,0,0
1.2,-5.81,0,0,0
1.205,-4.941,0,0,0
1.21,-3.529,0,0,0
1.215,-4.724,0,0,0
1.22,-6.028,0,0,0
1.225,-4.941,0,0,0
1.23,-5.702,0,0,0
1.235,-6.028,0,0,0
1.24,-6.679,0,0,0
1.245,-6.462,0,0,0
1.25,-8.309,0,0,0
1.255,-9.395,0,0,0
1.26,-7.114,0,0,0
1.265,-7.114,0,0,0
1.27,-7.331,0,0,0
1.275,-7.657,0,0,0
1.28,-7.874,0,0,0
1.285,-8.526,0,0,0
1.29,-7.657,0,0,0
1.295,-7.331,0,0,0
1.3,-7.005,0,0,0
1.305,-6.788,0,0,0
1.31,-5.702,0,0,0
1.315,-7.114,0,0,0
1.32,-4.398,0,0,0
1.325,-3.964,0,0,0
1.33,-2.986,0,0,0
1.335,-1.9,0,0,0
1.34,0.054,0,0,0
1.345,3.204,0,0,0
1.35,4.725,0,0,0
1.355,7.549,0,0,0
1.36,9.07,0,0,0
1.365,11.677,0,0,0
1.37,12.981,0,0,0
1.375,18.086,0,0,0
1.38,31.339,0,0,0
1.385,42.527,0,0,0
1.39,42.31,0,0,0
1.395,31.447,0,0,0
1.4,18.086,0,0,0
1.405,8.418,0,0,0
1.41,0.597,0,0,0
1.415,-2.552,0,0,0
1.42,-2.878,0,0,0
1.425,-2.66,0,0,0
1.43,-2.443,0,0,0
1.435,-1.031,0,0,0
1.44,0.597,0,0,0
1.445,-0.488,0,0,0
1.45,-3.421,0,0,0
1.455,-6.136,0,0,0
1.46,-5.919,0,0,0
1.465,-5.81,0,0,1
1.47,-4.616,0,0,1
1.475,-3.855,0,0,1
1.48,-1.791,0,0,1
1.485,-2.552,0,1,1
1.49,-0.271,0,1,1
1.495,1.792,0,1,1
1.5,4.617,0,1,1
1.505,4.834,0,1,1
1.51,4.942,0,1,1
1.515,5.051,0,1,1
1.52,5.377,0,1,1
1.525,5.811,0,1,1
1.53,7.224,0,1,1
1.535,6.789,0,1,1
1.54,6.898,0,1,1
1.545,6.572,0,1,1
1.55,6.463,0,1,1
1.555,6.137,0,1,1
1.56,5.268,0,1,1
1.565,4.725,0,1,1
1.57,2.661,0,1,1
1.575,0.815,0,1,1
1.58,-0.596,0,1,1
1.585,-1.683,0,1,1
1.59,-3.855,0,1,1
1.595,-5.485,0,1,1
1.6,-5.702,0,1,1
1.605,-7.114,0,1,1
1.61,-8.309,0,1,1
1.615,-8.309,0,1,1
1.62,-8.635,0,1,1
1.625,-7.44,0,1,1
1.63,-5.376,0,1,1
1.635,-2.878,0,1,1
1.64,0.163,0,1,1
1.645,0.597,0,1,1
1.65,1.684,0,1,1
1.655,3.965,0,1,1
1.66,3.748,0,1,1
1.665,3.422,0,1,1
1.67,3.856,0,1,1
1.675,3.204,0,1,1
1.68,3.639,0,1,1
1.685,1.358,0,1,1
1.69,2.553,0,1,1
1.695,2.987,0,1,0
1.7,1.466,0,1,0
1.705,-0.596,0,1,0
1.71,2.118,0,1,0
1.715,2.444,0,1,0
1.72,2.661,0,1,0
1.725,3.096,0,1,0
1.73,2.879,0,1,0
1.735,3.096,0,1,0
1.74,3.53,0,1,0
1.745,3.204,0,1,0
1.75,2.77,0,1,0
1.755,3.639,0,1,0
1.76,4.399,0,1,0
1.765,4.073,0,1,0
1.77,4.617,0,1,0
1.775,2.879,0,1,0
1.78,0.597,0,1,0
1.785,-1.465,0,1,0
1.79,-3.095,0,1,0
1.795,-3.855,0,1,0
1.8,-3.421,0,1,0
1.805,-2.878,0,1,0
1.81,-3.203,0,1,0
1.815,-3.747,0,1,0
1.82,-2.878,0,1,0
1.825,-3.638,0,1,0
1.83,-3.312,1,1,0
1.835,-4.181,1,1,0
1.84,-4.616,1,1,0
1.845,-5.485,1,1,0
1.85,-5.702,1,1,0
1.855,-5.702,1,1,0
1.86,-5.702,1,1,0
1.865,-6.136,1,1,0
1.87,-6.028,1,1,0
1.875,-6.245,1,1,0
1.88,-6.028,1,1,0
1.885,-6.788,1,1,0
1.89,-6.571,1,1,0
1.895,-6.354,1,1,0
1.9,-3.964,1,1,0
1.905,-3.421,1,1,0
1.91,-0.271,1,1,0
1.915,2.118,1,1,0
1.92,5.377,1,1,0
1.925,9.722,1,1,0
1.93,12.872,1,1,0
1.935,14.61,1,1,0
1.94,15.479,1,1,0
1.945,17.543,1,1,0
1.95,18.412,1,1,0
1.955,19.607,1,1,0
1.96,20.91,1,1,0
1.965,21.888,0,1,0
1.97,23.735,0,1,0
1.975,24.495,0,1,0
1.98,25.147,0,1,0
1.985,25.69,0,1,0
1.99,26.016,0,1,0
1.995,26.016,0,1,0
2,25.581,0,1,0
2.005,25.69,0,1,0
2.01,26.559,0,0,0
2.015,24.604,0,0,0
2.02,25.581,0,0,0
2.025,25.038,0,0,0
2.03,24.495,0,0,0
2.035,22.54,0,0,0
2.04,19.498,0,0,0
2.045,16.131,0,0,0
2.05,15.262,0,0,0
2.055,14.719,0,0,0
2.06,13.198,0,0,0
2.065,11.677,0,0,0
2.07,10.917,0,0,0
2.075,9.722,0,0,0
2.08,7.767,0,0,0
2.085,7.332,0,0,0
2.09,6.029,0,0,0
2.095,5.051,0,0,0
2.1,3.965,0,0,0
2.105,4.182,0,0,0
2.11,2.335,0,0,0
2.115,-0.271,0,0,0
2.12,0.815,0,0,0
2.125,-1.14,0,0,0
2.13,0.054,0,0,0
2.135,-2.66,0,0,0
2.14,-2.769,0,0,0
2.145,-3.421,0,0,0
2.15,-4.724,0,0,0
2.155,-4.833,0,0,0
2.16,-5.702,0,0,0
2.165,-6.136,0,0,0
2.17,-5.919,0,0,0
2.175,-7.005,0,0,0
2.18,-6.136,0,0,0
2.185,-6.679,0,0,0
2.19,-6.028,0,0,0
2.195,-7.223,0,0,0
2.2,-6.571,0,0,0
2.205,-5.376,0,0,0
2.21,-5.05,0,0,0
2.215,-6.136,0,0,0
2.22,-5.485,0,0,0
2.225,-4.941,0,0,0
2.23,-5.267,0,0,0
2.235,-4.616,0,0,0
2.24,-5.159,0,0,0
2.245,-4.507,0,0,0
2.25,-3.638,0,0,0
2.255,-2.878,0,0,0
2.26,-0.596,0,0,0
2.265,1.684,0,0,0
2.27,5.268,0,0,0
2.275,10.808,0,0,0
2.28,20.585,0,0,0
2.285,30.252,0,0,0
2.29,35.792,0,0,0
2.295,36.878,0,0,0
2.3,36.987,0,0,0
2.305,35.575,0,0,0
2.31,31.013,0,0,0
2.315,20.367,0,0,0
2.32,5.486,0,0,0
2.325,-7.331,0,0,0
2.33,-15.804,0,0,0
2.335,-15.695,0,0,0
2.34,-8.417,0,0,0
2.345,-3.855,0,0,0
2.35,-3.855,0,0,0
2.355,-7.005,0,0,0
2.36,-7.983,0,0,0
2.365,-5.81,0,0,0
2.37,-2.117,0,1,0
2.375,3.639,0,1,0
2.38,7.441,0,1,0
2.385,8.744,0,1,0
2.39,8.962,0,1,0
2.395,9.07,1,1,0
2.4,11.677,1,1,0
2.405,13.524,1,1,0
2.41,13.85,1,1,0
2.415,14.719,1,1,0
2.42,17.434,1,1,0
2.425,17.434,1,1,0
2.43,17.652,1,1,0
2.435,17.109,1,1,0
2.44,17.978,1,1,0
2.445,17.434,1,1,0
2.45,16.131,1,1,0
2.455,18.629,1,1,0
2.46,18.738,1,1,0
2.465,18.738,1,1,0
2.47,17.326,1,1,0
2.475,15.588,1,1,0
2.48,15.914,1,1,0
2.485,15.805,1,1,0
2.49,15.588,1,1,0
2.495,15.045,1,1,0
2.5,14.61,1,1,0
2.505,15.371,1,1,0
2.51,16.457,1,1,0
2.515,16.565,1,1,0
2.52,16.131,1,1,0
2.525,17.978,1,1,0
2.53,17.652,1,1,0
2.535,17.109,1,1,0
2.54,17.652,1,1,0
2.545,18.086,1,1,0
2.55,19.933,1,1,0
2.555,21.128,1,1,0
2.56,22.105,1,1,0
2.565,22.105,1,1,0
2.57,22.105,1,1,0
2.575,23.735,1,1,0
2.58,24.061,1,1,0
2.585,24.169,1,1,0
2.59,24.169,1,1,0
2.595,26.233,1,1,0
2.6,25.473,1,1,0
2.605,25.147,1,1,0
2.61,25.581,1,1,0
2.615,26.993,1,1,0
2.62,26.559,1,1,0
2.625,26.993,1,1,0
2.63,27.102,1,1,0
2.635,27.428,1,1,0
2.64,27.862,1,1,0
2.645,26.776,1,1,0
2.65,28.08,1,1,0
2.655,28.623,1,1,0
2.66,27.862,1,1,0
2.665,28.84,1,1,0
2.67,28.731,1,1,0
2.675,28.623,1,1,0
2.68,28.623,1,1,0
2.685,28.514,1,1,0
2.69,28.514,1,1,0
2.695,28.623,1,1,0
2.7,28.514,1,1,0
2.705,26.885,1,1,0
2.71,27.754,1,1,0
2.715,28.406,1,1,0
2.72,27.645,1,1,0
2.725,26.45,1,1,0
2.73,26.668,1,1,0
2.735,26.45,1,1,0
2.74,25.581,1,1,0
2.745,25.473,1,1,0
2.75,25.473,1,1,0
2.755,24.278,1,1,0
2.76,22.974,1,1,0
2.765,21.997,1,1,0
2.77,22.974,1,1,0
2.775,24.386,1,1,0
2.78,25.907,1,1,0
2.785,26.45,1,1,0
2.79,27.862,1,1,0
2.795,29.926,1,1,0
2.8,32.208,1,1,0
2.805,33.294,1,1,0
2.81,33.837,0,1,0
2.815,35.901,0,1,0
2.82,34.489,0,1,0
2.825,36.553,0,1,0
2.83,36.009,0,0,0
2.835,35.358,0,0,0
2.84,32.968,0,0,0
2.845,31.773,0,0,0
2.85,30.361,0,0,0
2.855,28.949,0,0,0
2.86,25.581,0,0,0
2.865,24.278,0,0,0
2.87,21.562,0,0,0
2.875,19.933,0,0,0
2.88,18.629,0,0,0
2.885,18.412,0,0,0
2.89,18.303,0,0,0
2.895,17.76,0,0,0
2.9,15.045,0,0,0
2.905,14.719,0,0,0
2.91,13.198,0,0,0
2.915,11.677,0,0,0
2.92,10.482,0,0,0
2.925,9.287,0,0,0
2.93,7.767,0,0,0
2.935,7.332,0,0,0
2.94,6.463,0,0,0
2.945,5.594,0,0,0
2.95,4.617,0,0,0
2.955,3.204,0,0,0
2.96,1.466,0,0,0
2.965,1.249,0,0,0
2.97,1.249,0,0,0
2.975,-0.162,0,0,0
2.98,-1.357,0,0,0
2.985,-1.031,0,0,0
2.99,-2.226,0,0,0
2.995,-2.878,0,0,0
3,-4.507,0,0,0
3.005,-5.05,0,0,0
3.01,-5.05,0,0,0
3.015,-5.376,0,0,0
3.02,-6.136,0,0,0
3.025,-6.136,0,0,0
3.03,-6.354,0,0,0
3.035,-7.44,0,0,0
3.04,-8.309,0,0,0
3.045,-8.309,0,0,0
3.05,-9.395,0,0,0
3.055,-8.309,0,0,0
3.06,-8.2,0,0,0
3.065,-7.766,0,0,0
3.07,-7.223,0,0,0
3.075,-7.331,0,0,0
3.08,-7.44,0,0,0
3.085,-6.136,0,0,0
3.09,-5.485,0,0,0
3.095,-5.267,0,0,0
3.1,-3.421,0,0,0
3.105,-1.465,0,0,0
3.11,-0.162,0,0,0
3.115,2.553,0,0,0
3.12,4.617,0,0,0
3.125,6.355,0,0,0
3.13,8.527,0,0,0
3.135,11.677,0,0,0
3.14,14.502,0,0,0
3.145,16.131,0,0,0
3.15,19.064,0,0,0
3.155,20.259,0,0,0
3.16,22.757,0,0,0
3.165,27.537,0,0,0
3.17,38.508,0,0,0
3.175,45.894,0,0,0
3.18,47.632,0,0,0
3.185,46.329,0,0,0
3.19,38.291,0,0,0
3.195,30.687,0,0,0
3.2,27.537,0,0,0
3.205,17.978,0,0,0
3.21,-2.009,0,0,0
3.215,-27.644,0,0,0
3.22,-36.552,0,0,0
3.225,-30.686,0,1,0
3.23,-14.392,0,1,0
3.235,-6.028,0,1,0
3.24,-3.529,0,1,0
3.245,-8.961,0,1,0
3.25,-10.481,0,1,1
3.255,-5.485,0,1,1
3.26,-1.574,0,1,1
3.265,2.335,0,1,1
3.27,2.987,0,1,1
3.275,1.684,0,1,1
3.28,0.597,0,1,1
3.285,-0.596,0,0,1
3.29,0.272,0,0,1
3.295,2.01,0,0,1
3.3,2.01,0,0,1
3.305,1.575,0,0,1
3.31,-0.379,0,0,1
3.315,-0.271,0,0,1
3.32,-0.162,0,0,1
3.325,0.597,0,0,1
3.33,1.684,0,0,1
3.335,2.118,0,0,1
3.34,5.377,0,0,1
3.345,6.137,0,0,1
3.35,6.789,0,0,1
3.355,7.767,0,0,1
3.36,7.332,0,0,1
3.365,7.115,0,0,1
3.37,5.268,0,0,1
3.375,3.422,0,0,1
3.38,1.684,0,0,1
3.385,0.706,0,0,1
3.39,-3.095,0,0,1
3.395,-6.571,0,0,1
3.4,-6.136,0,0,1
3.405,-7.223,0,0,1
3.41,-8.526,0,0,1
3.415,-7.874,0,0,1
3.42,-8.526,0,0,1
3.425,-8.635,0,0,1
3.43,-8.309,0,0,1
3.435,-6.028,0,0,1
3.44,-3.421,0,0,1
3.445,-2.443,0,0,1
3.45,-1.574,0,0,1
3.455,2.118,0,0,1
3.46,2.77,0,0,1
3.465,2.01,0,0,1
3.47,1.901,0,0,1
3.475,4.182,0,0,1
3.48,4.508,0,0,1
3.485,2.553,0,0,1
3.49,3.313,0,0,1
3.495,4.182,0,0,1
3.5,3.748,0,0,1
3.505,2.553,0,0,1
3.51,2.227,0,0,1
3.515,2.987,0,0,1
3.52,2.444,0,0,1
3.525,0.815,0,0,1
3.53,0.923,0,0,1
3.535,2.01,0,0,1
3.54,1.684,0,0,1
3.545,2.227,0,0,1
3.55,2.335,0,0,1
3.555,3.313,0,0,1
3.56,3.856,0,0,1
3.565,3.965,0,0,1
3.57,2.879,0,1,1
3.575,4.725,0,1,1
3.58,4.399,0,1,1
3.585,5.594,0,1,1
3.59,5.486,0,1,1
3.595,5.703,0,1,1
3.6,6.572,0,1,1
3.605,6.246,0,1,0
3.61,6.68,0,1,0
3.615,6.246,0,1,0
3.62,5.377,0,1,0
3.625,3.422,0,1,0
3.63,2.444,0,1,0
3.635,4.399,0,1,0
3.64,2.987,0,1,0
3.645,2.227,0,1,0
3.65,3.748,0,1,0
3.655,4.291,0,1,0
3.66,5.92,0,1,0
3.665,6.029,0,1,0
3.67,7.115,0,1,0
3.675,7.767,0,1,0
3.68,7.767,0,1,0
3.685,8.744,0,1,0
3.69,9.505,0,1,0
3.695,10.482,0,1,0
3.7,9.939,0,1,0
3.705,10.482,0,1,0
3.71,10.917,0,1,0
3.715,11.46,0,1,0
3.72,12.764,0,1,0
3.725,14.719,0,1,0
3.73,16,0,1,0
3.735,18.412,0,1,0
3.74,19.064,0,1,0
3.745,20.802,0,1,0
3.75,21.562,0,1,0
3.755,22.54,0,1,0
3.76,21.779,0,1,0
3.765,22.54,0,1,0
3.77,22.866,0,1,0
3.775,23.3,0,1,0
3.78,24.061,0,1,0
3.785,25.038,0,1,0
3.79,26.559,0,1,0
3.795,26.885,0,1,0
3.8,27.428,0,1,0
3.805,28.08,0,1,0
3.81,29.057,0,1,0
3.815,29.383,0,1,0
3.82,27.211,0,1,0
3.825,27.428,0,0,0
3.83,25.907,0,0,0
3.835,25.799,0,0,0
3.84,23.3,0,0,0
3.845,21.019,0,0,0
3.85,16.457,0,0,0
3.855,14.502,0,0,0
3.86,12.112,0,0,0
3.865,11.677,0,0,0
3.87,10.591,0,0,0
3.875,10.917,0,0,0
3.88,7.875,0,0,0
3.885,8.418,0,0,0
3.89,6.789,0,0,0
3.895,6.029,0,0,0
3.9,3.856,0,0,0
3.905,4.508,0,0,0
3.91,2.987,0,0,0
3.915,2.227,0,0,0
3.92,0.815,0,0,0
3.925,0.489,0,0,0
3.93,0.054,0,0,0
3.935,-1.248,0,0,0
3.94,-0.922,0,0,0
3.945,-0.053,0,0,0
3.95,-0.814,0,0,0
3.955,-1.248,0,0,0
3.96,-1.465,0,0,0
3.965,-0.162,0,0,0
3.97,-0.271,0,0,0
3.975,-0.705,0,0,0
3.98,-1.248,0,0,0
3.985,-0.705,0,0,0
3.99,-0.814,0,0,0
3.995,-1.683,0,0,0
4,-0.053,0,0,0
4.005,-0.814,0,0,0
4.01,-0.596,0,0,0
4.015,-0.814,0,0,0
4.02,-0.162,0,0,0
4.025,-0.705,0,0,0
4.03,0.597,0,0,0
4.035,-0.379,0,0,0
4.04,1.792,0,0,0
4.045,1.358,0,0,0
4.05,-0.379,0,0,0
4.055,-3.529,0,0,0
4.06,-2.443,0,0,0
4.065,-4.181,0,0,0
4.07,-3.638,0,0,0
4.075,-1.9,0,0,0
4.08,4.182,0,0,0
4.085,9.831,0,0,0
4.09,15.262,0,0,0
4.095,27.211,0,0,0
4.1,40.029,0,0,0
4.105,46.329,0,0,0
4.11,41.767,0,0,0
4.115,22.323,0,0,0
4.12,-6.462,0,0,0
4.125,-34.162,0,0,0
4.13,-48.283,0,0,0
4.135,-38.072,0,0,0
4.14,-16.999,0,0,0
4.145,-4.507,0,0,0
4.15,-1.683,0,1,0
4.155,-1.9,1,1,0
4.16,-0.162,1,1,0
4.165,-1.683,1,1,0
4.17,-2.769,1,1,0
4.175,-6.788,1,1,0
4.18,-4.507,1,1,0
4.185,0.489,1,1,0
4.19,5.16,1,1,0
4.195,8.636,1,1,0
4.2,10.265,1,1,0
4.205,11.46,1,1,0
4.21,14.502,1,1,0
4.215,17.434,1,1,0
4.22,19.064,1,1,0
4.225,17.978,1,1,0
4.23,15.805,1,1,0
4.235,14.61,1,1,0
4.24,16.131,1,1,0
4.245,16.131,1,1,0
4.25,16.348,1,1,0
4.255,17.326,1,1,0
4.26,17.326,1,1,0
4.265,17.76,1,1,0
4.27,16.891,1,1,0
4.275,18.412,1,1,0
4.28,18.847,1,1,0
4.285,19.064,1,1,0
4.29,18.629,1,1,0
4.295,18.847,1,1,0
4.3,19.39,1,1,0
4.305,19.064,1,1,0
4.31,18.738,1,1,0
4.315,19.39,1,1,0
4.32,19.933,1,1,0
4.325,19.39,1,1,0
4.33,17.869,1,1,0
4.335,19.172,1,1,0
4.34,19.716,1,1,0
4.345,20.693,1,1,0
4.35,20.91,1,1,0
4.355,21.671,1,1,0
4.36,22.214,1,1,0
4.365,22.323,1,1,0
4.37,23.3,1,1,0
4.375,24.278,1,1,0
4.38,24.604,1,1,0
4.385,23.952,1,1,0
4.39,22.866,1,1,0
4.395,23.843,1,1,0
4.4,21.888,1,1,0
4.405,21.128,1,1,0
4.41,19.824,1,1,0
4.415,20.802,1,1,0
4.42,20.367,1,1,0
4.425,19.824,1,1,0
4.43,17.76,1,1,0
4.435,18.738,1,1,0
4.44,18.629,1,1,0
4.445,17.869,1,1,0
4.45,17.434,1,1,0
4.455,17.543,1,1,0
4.46,17.326,1,1,0
4.465,16,1,1,0
4.47,19.39,1,1,0
4.475,20.802,1,1,0
4.48,22.648,1,1,0
4.485,22.105,1,1,0
4.49,23.517,1,1,0
4.495,23.083,1,1,0
4.5,22.757,1,1,0
4.505,21.345,1,1,0
4.51,21.888,1,1,0
4.515,21.562,1,1,0
4.52,19.824,1,1,0
4.525,19.824,1,1,0
4.53,20.585,1,1,0
4.535,20.259,1,1,0
4.54,20.802,1,1,0
4.545,19.498,1,1,0
4.55,20.259,1,1,0
4.555,19.172,1,1,0
4.56,18.086,1,1,0
4.565,16,1,1,0
4.57,16.022,1,1,0
4.575,15.371,1,1,0
4.58,13.307,1,1,0
4.585,14.067,1,1,0
4.59,14.067,1,1,0
4.595,16.131,1,1,0
4.6,16.24,1,1,0
4.605,17.652,1,1,0
4.61,19.716,1,1,0
4.615,20.476,1,0,0
4.62,22.866,0,0,0
4.625,24.712,0,0,0
4.63,27.319,0,0,0
4.635,27.537,0,0,0
4.64,28.731,0,0,0
4.645,31.23,0,0,0
4.65,33.185,0,0,0
4.655,33.837,0,0,0
4.66,33.62,0,0,0
4.665,33.837,0,0,0
4.67,34.597,0,0,0
4.675,33.185,0,0,0
4.68,28.623,0,0,0
4.685,25.799,0,0,0
4.69,22.757,0,0,0
4.695,21.779,0,0,0
4.7,19.824,0,0,0
4.705,19.716,0,0,0
4.71,18.738,0,0,0
4.715,17.652,0,0,0
4.72,16.24,0,0,0
4.725,14.719,0,0,0
4.73,13.089,0,0,0
4.735,11.786,0,0,0
4.74,10.808,0,0,0
4.745,9.831,0,0,0
4.75,8.093,0,0,0
4.755,7.115,0,0,0
4.76,4.399,0,0,0
4.765,5.051,0,0,0
4.77,4.291,0,0,0
4.775,3.204,0,0,0
4.78,1.901,0,0,0
4.785,1.358,0,0,0
4.79,0.706,0,0,0
4.795,-0.488,0,0,0
4.8,-0.922,0,0,0
4.805,-1.14,0,0,0
4.81,-1.357,0,0,0
4.815,-2.878,0,0,0
4.82,-2.334,0,0,0
4.825,-3.312,0,0,0
4.83,-4.072,0,0,0
4.835,-3.964,0,0,0
4.84,-4.398,0,0,0
4.845,-3.529,0,0,0
4.85,-4.072,0,0,0
4.855,-4.833,0,0,0
4.86,-5.919,0,0,0
4.865,-4.724,0,0,0
4.87,-3.312,0,0,0
4.875,-4.072,0,0,0
4.88,-3.747,0,0,0
4.885,-3.964,0,0,0
4.89,-3.964,0,0,0
4.895,-5.485,0,0,0
4.9,-3.312,0,0,0
4.905,-2.66,0,0,0
4.91,-2.552,0,0,0
4.915,-2.878,0,0,0
4.92,-2.66,0,0,0
4.925,-2.009,0,0,0
4.93,-2.226,0,0,0
4.935,-2.334,0,0,0
4.94,-0.922,0,0,0
4.945,0.054,0,0,0
4.95,0.923,0,0,0
4.955,1.575,0,0,0
4.96,1.684,0,0,0
4.965,2.661,0,0,0
4.97,1.792,0,0,0
4.975,3.204,0,0,0
4.98,7.658,0,0,0
4.985,12.438,0,0,0
4.99,21.128,0,0,0
4.995,34.597,0,0,0
5,45.786,0,0,0
5.005,50.565,0,0,0
5.01,49.37,0,0,0
5.015,38.399,0,0,0
5.02,19.933,0,0,0
5.025,-7.223,0,0,0
5.03,-32.424,0,0,0
5.035,-36.986,0,0,0
5.04,-26.775,0,0,0
5.045,-13.197,0,0,0
5.05,-3.964,0,0,0
5.055,-5.919,0,0,0
5.06,-4.941,0,0,0
5.065,-4.616,0,0,0
5.07,-0.379,0,0,0
5.075,2.553,0,0,1
5.08,7.549,0,0,1
5.085,8.636,0,0,1
5.09,8.201,0,0,1
5.095,8.31,0,0,1
5.1,9.831,1,1,1
5.105,11.569,1,1,1
5.11,12.438,1,1,1
5.115,15.262,1,1,1
5.12,16.457,1,1,1
5.125,16.565,1,1,1
5.13,15.588,0,1,1
5.135,16.022,0,1,1
5.14,15.371,0,1,1
5.145,16.022,0,1,1
5.15,14.067,0,1,1
5.155,15.914,0,1,1
5.16,18.086,0,1,0
5.165,17.76,0,1,0
5.17,17.109,0,1,0
5.175,17.434,0,1,0
5.18,18.086,0,1,0
5.185,17.76,0,1,0
5.19,16.131,0,1,0
5.195,15.914,0,1,0
5.2,12.764,0,1,0
5.205,8.744,0,1,0
5.21,6.68,0,1,0
5.215,4.182,0,1,0
5.22,2.77,0,1,0
5.225,2.661,0,1,0
5.23,0.489,1,1,0
5.235,0.163,1,1,0
5.24,-1.465,1,1,0
5.245,-0.814,1,1,0
5.25,0.38,1,1,0
5.255,0.597,1,1,0
5.26,1.141,1,1,0
5.265,2.553,1,1,0
5.27,4.073,1,1,0
5.275,4.291,1,1,0
5.28,4.291,1,1,0
5.285,5.811,1,1,0
5.29,8.962,1,1,0
5.295,8.853,1,1,0
5.3,10.048,1,1,0
5.305,9.07,1,1,0
5.31,6.246,1,1,0
5.315,4.617,1,1,0
5.32,4.399,1,1,0
5.325,4.182,1,1,0
5.33,3.204,1,1,0
5.335,4.182,1,1,0
5.34,4.617,1,1,0
5.345,4.073,1,1,0
5.35,5.594,1,1,0
5.355,7.767,1,1,0
5.36,7.767,1,1,0
5.365,6.789,1,1,0
5.37,8.31,1,1,0
5.375,8.527,1,1,0
5.38,8.962,1,1,0
5.385,7.549,1,1,0
5.39,9.287,1,1,0
5.395,11.786,1,1,0
5.4,10.917,1,1,0
5.405,10.7,1,1,0
5.41,11.026,1,1,0
5.415,12.764,1,1,0
5.42,13.741,1,1,0
5.425,11.243,1,1,0
5.43,12.872,1,1,0
5.435,13.415,1,1,0
5.44,13.415,1,1,0
5.445,12.872,1,1,0
5.45,12.655,1,1,0
5.455,13.198,1,1,0
5.46,11.786,1,1,0
5.465,12.655,1,1,0
5.47,12.981,1,1,0
5.475,13.198,1,1,0
5.48,13.958,1,1,0
5.485,15.045,1,1,0
5.49,16.457,1,1,0
5.495,17.326,1,1,0
5.5,18.521,1,1,0
5.505,19.39,1,1,0
5.51,20.476,1,1,0
5.515,20.91,1,1,0
5.52,20.367,1,1,0
5.525,19.933,1,1,0
5.53,21.779,1,1,0
5.535,22.54,1,1,0
5.54,21.562,1,1,0
5.545,22.974,1,1,0
5.55,25.038,1,1,0
5.555,26.016,1,1,0
5.56,27.211,0,1,0
5.565,28.297,0,1,0
5.57,29.818,0,1,0
5.575,30.035,0,1,0
5.58,29.383,0,1,0
5.585,28.623,0,0,0
5.59,26.993,0,0,0
5.595,24.278,0,0,0
5.6,21.454,0,0,0
5.605,20.476,0,0,0
5.61,17.652,0,0,0
5.615,15.153,0,0,0
5.62,12.655,0,0,0
5.625,9.831,0,0,0
5.63,7.658,0,0,0
5.635,7.658,0,0,0
5.64,6.789,0,0,0
5.645,6.68,0,0,0
5.65,6.355,0,0,0
5.655,5.703,0,0,0
5.66,4.182,0,0,0
5.665,3.096,0,0,0
5.67,1.792,0,0,0
5.675,0.38,0,0,0
5.68,-0.488,0,0,0
5.685,-0.922,0,0,0
5.69,-1.031,0,0,0
5.695,-3.747,0,0,0
5.7,-3.529,0,0,0
5.705,-3.312,0,0,0
5.71,-3.095,0,0,0
5.715,-4.181,0,0,0
5.72,-5.485,0,0,0
5.725,-4.833,0,0,0
5.73,-4.724,0,0,0
5.735,-5.05,0,0,0
5.74,-4.833,0,0,0
5.745,-4.398,0,0,0
5.75,-4.507,0,0,0
5.755,-6.136,0,0,0
5.76,-6.788,0,0,0
5.765,-6.788,0,0,0
5.77,-7.005,0,0,0
5.775,-7.114,0,0,0
5.78,-7.223,0,0,0
5.785,-6.897,0,0,0
5.79,-7.114,0,0,0
5.795,-7.223,0,0,0
5.8,-6.354,0,0,0
5.805,-5.702,0,0,0
5.81,-5.485,0,0,0
5.815,-6.245,0,0,0
5.82,-4.724,0,0,0
5.825,-4.941,0,0,0
5.83,-3.638,0,0,0
5.835,-3.855,0,0,0
5.84,-3.529,0,0,0
5.845,-2.226,0,0,0
5.85,-1.683,0,0,0
5.855,-1.357,0,0,0
5.86,1.249,0,0,0
5.865,2.77,0,0,0
5.87,2.987,0,0,0
5.875,4.399,0,0,0
5.88,4.942,0,0,0
5.885,8.744,0,0,0
5.89,13.415,0,0,0
5.895,20.476,0,0,0
5.9,30.795,0,0,0
5.905,41.767,0,0,0
5.91,46.112,0,0,0
5.915,45.677,0,0,0
5.92,47.198,0,0,0
5.925,45.786,0,0,0
5.93,36.553,0,0,0
5.935,15.153,0,0,0
5.94,-13.74,0,0,0
5.945,-34.27,0,0,0
5.95,-36.986,0,0,0
5.955,-24.06,0,0,0
5.96,-11.568,1,0,0
5.965,-5.593,1,0,0
5.97,-7.766,1,0,0
5.975,-9.612,1,1,0
5.98,-8.417,1,1,0
5.985,-5.159,1,1,0
5.99,-4.072,1,1,0
5.995,-2.66,1,1,0
6,-1.248,1,1,0
6.005,1.901,1,1,0
6.01,4.942,1,1,0
6.015,9.287,1,1,0
6.02,10.157,1,1,0
6.025,11.134,1,1,0
6.03,11.677,1,1,0
6.035,12.981,1,1,0
6.04,15.045,1,1,0
6.045,15.479,1,1,0
6.05,16.022,1,1,0
6.055,16.674,1,1,0
6.06,17.326,1,1,0
6.065,16.891,1,1,0
6.07,16,1,1,0
6.075,16.457,1,1,0
6.08,16.674,1,1,0
6.085,16.674,1,1,0
6.09,17.326,1,1,0
6.095,17.543,1,1,0
6.1,17.76,1,1,0
6.105,17.543,1,1,0
6.11,17.434,1,1,0
6.115,17.217,1,1,0
6.12,16.24,1,1,0
6.125,14.067,1,1,0
6.13,14.61,1,1,0
6.135,16.565,1,1,0
6.14,16,1,1,0
6.145,15.045,1,1,0
6.15,15.479,1,1,0
6.155,15.588,1,1,0
6.16,16.565,1,1,0
6.165,16.348,1,1,0
6.17,16.891,1,1,0
6.175,17.543,1,1,0
6.18,17.543,1,1,0
6.185,16.674,1,1,0
6.19,16.783,1,1,0
6.195,16.348,1,1,0
6.2,15.805,1,1,0
6.205,13.958,1,1,0
6.21,15.805,1,1,0
6.215,14.393,1,1,0
6.22,14.067,1,1,0
6.225,14.176,1,1,0
6.23,14.393,1,1,0
6.235,15.588,1,1,0
6.24,14.61,1,1,0
6.245,14.393,1,1,0
6.25,14.502,1,1,0
6.255,14.393,1,1,0
6.26,13.958,1,1,0
6.265,12.872,1,1,0
6.27,12.872,1,1,0
6.275,12.981,1,1,0
6.28,12.438,1,1,0
6.285,11.569,1,1,0
6.29,11.569,1,1,0
6.295,11.895,1,1,0
6.3,12.22,1,1,0
6.305,11.243,1,1,0
6.31,11.569,1,1,0
6.315,11.569,1,1,0
6.32,11.351,1,1,0
6.325,11.026,1,1,0
6.33,11.786,1,1,0
6.335,11.677,1,1,0
6.34,10.917,1,1,0
6.345,9.722,1,1,0
6.35,9.613,1,1,0
6.355,10.7,1,1,0
6.36,8.527,1,1,0
6.365,9.831,1,1,0
6.37,9.722,1,1,0
6.375,8.744,1,1,0
6.38,8.527,1,1,0
6.385,8.636,1,1,0
6.39,9.831,1,1,0
6.395,10.048,1,1,0
6.4,10.808,1,1,0
6.405,12.764,1,1,0
6.41,15.805,1,1,0
6.415,17.869,1,1,0
6.42,20.367,1,1,0
6.425,22.757,1,1,0
6.43,23.192,1,1,0
6.435,24.495,1,1,0
6.44,24.821,1,1,0
6.445,25.799,1,1,0
6.45,27.102,1,1,0
6.455,28.731,1,1,0
6.46,27.428,0,1,0
6.465,30.795,0,1,0
6.47,30.904,0,1,0
6.475,31.99,0,1,0
6.48,30.687,0,1,0
6.485,30.361,0,1,0
6.49,28.84,0,0,0
6.495,26.342,0,0,0
6.5,23.952,0,0,0
6.505,23.083,0,0,0
6.51,21.454,0,0,0
6.515,19.933,0,0,0
6.52,17.76,0,0,0
6.525,13.415,0,0,0
6.53,13.307,0,0,0
6.535,12.764,0,0,0
6.54,11.46,0,0,0
6.545,11.46,0,0,0
6.55,10.591,0,0,0
6.555,9.07,0,0,0
6.56,6.463,0,0,0
6.565,7.006,0,0,0
6.57,5.92,0,0,0
6.575,4.508,0,0,0
6.58,1.575,0,0,0
6.585,3.639,0,0,0
6.59,2.444,0,0,0
6.595,0.489,0,0,0
6.6,0.272,0,0,0
6.605,1.358,0,0,0
6.61,-0.596,0,0,0
6.615,-1.791,0,0,0
6.62,-0.814,0,0,0
6.625,-0.162,0,0,0
6.63,-1.357,0,0,0
6.635,-3.747,0,0,0
6.64,-2.986,0,0,0
6.645,-2.986,0,0,0
6.65,-4.941,0,0,0
6.655,-5.485,0,0,0
6.66,-6.245,0,0,0
6.665,-5.593,0,0,0
6.67,-6.897,0,0,0
6.675,-9.612,0,0,0
6.68,-9.069,0,0,0
6.685,-8.526,0,0,0
6.69,-8.743,0,0,0
6.695,-10.373,0,0,0
6.7,-8.417,0,0,0
6.705,-8.961,0,0,0
6.71,-7.983,0,0,0
6.715,-8.526,0,0,0
6.72,-7.983,0,0,0
6.725,-8.2,0,0,0
6.73,-8.417,0,0,0
6.735,-8.961,0,0,0
6.74,-7.548,0,0,0
6.745,-7.005,0,0,0
6.75,-5.919,0,0,0
6.755,-5.267,0,0,0
6.76,-6.897,0,0,0
6.765,-4.941,0,0,0
6.77,-2.66,0,0,0
6.775,-0.379,0,0,0
6.78,0.272,0,0,0
6.785,0.38,0,0,0
6.79,1.901,0,0,0
6.795,0.923,0,0,0
6.8,4.073,0,0,0
6.805,5.268,0,0,0
6.81,5.377,0,0,0
6.815,5.051,0,0,0
6.82,7.224,0,0,0
6.825,10.7,0,0,0
6.83,15.262,0,0,0
6.835,24.169,0,0,0
6.84,39.703,0,0,0
6.845,47.415,0,0,0
6.85,49.153,0,0,0
6.855,46.22,0,0,0
6.86,45.786,0,0,0
6.865,42.201,0,0,0
6.87,30.687,0,0,0
6.875,9.396,0,0,0
6.88,-12.219,0,0,0
6.885,-26.015,0,0,0
6.89,-28.187,0,0,0
6.895,-20.258,1,0,0
6.9,-10.481,1,0,0
6.905,-6.571,1,0,0
6.91,-8.526,1,1,0
6.915,-10.807,1,1,0
6.92,-7.223,1,1,0
6.925,-1.791,1,1,0
6.93,4.508,1,1,0
6.935,4.942,1,1,0
6.94,4.182,1,1,0
6.945,4.291,1,1,0
6.95,5.268,1,1,0
6.955,6.898,1,1,0
6.96,8.636,1,1,0
6.965,9.831,1,1,0
6.97,11.351,1,1,0
6.975,13.307,1,1,0
6.98,14.067,1,1,0
6.985,15.045,1,1,0
6.99,15.153,1,1,0
6.995,17.326,1,1,0
7,16.348,1,1,0
7.005,16.348,1,1,0
7.01,16.131,1,1,0
7.015,16.348,1,1,0
7.02,16.131,1,1,0
7.025,16.131,1,1,0
7.03,15.262,1,1,0
7.035,15.696,1,1,0
7.04,15.262,1,1,0
7.045,14.393,1,1,0
7.05,14.502,1,1,0
7.055,15.588,1,1,0
7.06,15.588,1,1,0
7.065,14.936,1,1,0
7.07,14.61,1,1,0
7.075,14.176,1,1,0
7.08,13.958,1,1,0
7.085,13.633,1,1,0
7.09,13.633,1,1,0
7.095,12.981,1,1,0
7.1,12.22,1,1,0
7.105,12.981,1,1,0
7.11,11.46,1,1,0
7.115,12.003,1,1,0
7.12,11.786,1,1,0
7.125,10.374,1,1,0
7.13,11.134,1,1,0
7.135,11.895,1,1,0
7.14,12.003,1,1,0
7.145,10.591,1,1,0
7.15,11.46,1,1,0
7.155,11.569,1,1,0
7.16,11.895,1,1,0
7.165,11.351,1,1,0
7.17,12.438,1,1,0
7.175,13.089,1,1,0
7.18,13.198,1,1,0
7.185,12.872,1,1,0
7.19,14.61,1,1,0
7.195,14.393,1,1,0
7.2,15.262,1,1,0
7.205,14.284,1,1,0
7.21,15.262,1,1,0
7.215,16.674,1,1,0
7.22,16.131,1,1,0
7.225,15.479,1,1,0
7.23,16.24,1,1,0
7.235,17.76,1,1,0
7.24,17.652,1,1,0
7.245,17.217,1,1,0
7.25,17.652,1,1,0
7.255,17.543,1,1,0
7.26,16.457,1,1,0
7.265,17.869,1,1,0
7.27,19.281,1,1,0
7.275,19.39,1,1,0
7.28,19.933,1,1,0
7.285,19.716,1,1,0
7.29,20.476,1,1,0
7.295,20.693,1,1,0
7.3,20.693,1,1,0
7.305,20.91,1,1,0
7.31,20.802,1,1,0
7.315,19.607,1,1,0
7.32,18.629,1,1,0
7.325,18.303,1,1,0
7.33,16.891,1,1,0
7.335,16.565,1,1,0
7.34,17.76,1,1,0
7.345,17.434,1,1,0
7.35,19.498,1,1,0
7.355,20.693,1,1,0
7.36,22.214,1,1,0
7.365,23.083,1,1,0
7.37,24.278,1,1,0
7.375,25.364,1,1,0
7.38,23.409,1,1,0
7.385,24.169,1,1,0
7.39,25.69,1,1,0
7.395,26.124,0,1,0
7.4,26.776,0,1,0
7.405,27.319,0,0,0
7.41,28.08,0,0,0
7.415,28.08,0,0,0
7.42,27.754,0,0,0
7.425,27.754,0,0,0
7.43,25.907,0,0,0
7.435,25.038,0,0,0
7.44,22.757,0,0,0
7.445,23.083,0,0,0
7.45,21.019,0,0,0
7.455,18.955,0,0,0
7.46,15.153,0,0,0
7.465,13.415,0,0,0
7.47,12.764,0,0,0
7.475,13.089,0,0,0
7.48,13.307,0,0,0
7.485,13.307,0,0,0
7.49,12.329,0,0,0
7.495,10.482,0,0,0
7.5,8.962,0,0,0
7.505,8.201,0,0,0
7.51,6.789,0,0,0
7.515,6.898,0,0,0
7.52,4.073,0,0,0
7.525,5.268,0,0,0
7.53,4.291,0,0,0
7.535,3.096,0,0,0
7.54,2.879,0,0,0
7.545,2.77,0,0,0
7.55,2.444,0,0,0
7.555,0.815,0,0,0
7.56,0.706,0,0,0
7.565,0.706,0,0,0
7.57,-0.814,0,0,0
7.575,-2.66,0,0,0
7.58,-2.552,0,0,0
7.585,-3.855,0,0,0
7.59,-4.398,0,0,0
7.595,-5.702,0,0,0
7.6,-7.114,0,0,0
7.605,-7.331,0,0,0
7.61,-8.526,0,0,0
7.615,-9.938,0,0,0
7.62,-9.612,0,0,0
7.625,-9.178,0,0,0
7.63,-9.612,0,0,0
7.635,-9.721,0,0,0
7.64,-10.699,0,0,0
7.645,-9.178,0,0,0
7.65,-8.743,0,0,0
7.655,-8.961,0,0,0
7.66,-8.635,0,0,0
7.665,-8.309,0,0,0
7.67,-7.114,0,0,0
7.675,-6.897,0,0,0
7.68,-6.354,0,0,0
7.685,-4.833,0,0,0
7.69,-3.855,0,0,0
7.695,-5.485,0,0,0
7.7,-2.878,0,0,0
7.705,-2.117,0,0,0
7.71,-1.031,0,0,0
7.715,1.575,0,0,0
7.72,3.096,0,0,0
7.725,3.856,0,0,0
7.73,4.617,0,0,0
7.735,6.572,0,0,0
7.74,6.789,0,0,0
7.745,7.224,0,0,0
7.75,9.07,0,0,0
7.755,12.981,0,0,0
7.76,21.562,0,0,0
7.765,31.339,0,0,0
7.77,39.92,0,0,0
7.775,45.025,0,0,0
7.78,50.239,0,0,0
7.785,49.588,0,0,0
7.79,47.524,0,0,0
7.795,42.744,0,0,0
7.8,32.533,0,0,0
7.805,21.128,0,0,0
7.81,5.486,0,0,0
7.815,-10.481,0,0,0
7.82,-17.542,0,0,0
7.825,-19.28,0,0,0
7.83,-16.347,0,0,0
7.835,-13.957,1,1,0
7.84,-12.002,1,1,0
7.845,-12.219,1,1,0
7.85,-11.785,1,1,0
7.855,-7.766,1,1,0
7.86,-3.747,1,1,0
7.865,-0.379,1,1,0
7.87,0.815,1,1,0
7.875,1.792,1,1,0
7.88,2.77,1,1,0
7.885,3.965,1,1,0
7.89,5.268,1,1,0
7.895,6.246,1,1,0
7.9,6.789,1,1,0
7.905,7.984,1,1,0
7.91,7.984,1,1,0
7.915,11.134,1,1,0
7.92,13.633,1,1,0
7.925,13.415,1,1,0
7.93,16.131,1,1,0
7.935,17.652,1,1,0
7.94,17.76,1,1,0
7.945,17.652,1,1,0
7.95,17.543,1,1,0
7.955,17.543,1,1,0
7.96,17.869,1,1,0
7.965,17.326,1,1,0
7.97,16.565,1,1,0
7.975,16.674,1,1,0
7.98,16.022,1,1,0
7.985,16.24,1,1,0
7.99,16.891,1,1,0
7.995,17.326,1,1,0
8,17.326,1,1,0
8.005,14.827,1,1,0
8.01,15.914,1,1,0
8.015,16.022,1,1,0
8.02,16.565,1,1,0
8.025,14.719,1,1,0
8.03,16.24,1,1,0
8.035,16.022,1,1,0
8.04,16.565,1,1,0
8.045,15.262,1,1,0
8.05,17.652,1,1,0
8.055,17.434,1,1,0
8.06,16.457,1,1,0
8.065,16.457,1,1,0
8.07,16.022,1,1,0
8.075,15.588,1,1,0
8.08,15.914,1,1,0
8.085,14.719,1,1,0
8.09,14.936,1,1,0
8.095,15.696,1,1,0
8.1,16.131,1,1,0
8.105,15.588,1,1,0
8.11,15.588,1,1,0
8.115,15.153,1,1,0
8.12,15.371,1,1,0
8.125,15.153,1,1,0
8.13,13.741,1,1,0
8.135,15.371,1,1,0
8.14,15.696,1,1,0
8.145,15.262,1,1,0
8.15,16.022,1,1,0
8.155,16.022,1,1,0
8.16,16.24,1,1,0
8.165,15.371,1,1,0
8.17,15.588,1,1,0
8.175,17.109,1,1,0
8.18,17.869,1,1,0
8.185,15.914,1,1,0
8.19,17.326,1,1,0
8.195,16.674,1,1,0
8.2,15.696,1,1,0
8.205,16.022,1,1,0
8.21,16.022,1,1,0
8.215,16.022,1,1,0
8.22,16.131,1,1,0
8.225,15.588,1,1,0
8.23,15.805,1,1,0
8.235,16.131,1,1,0
8.24,15.371,1,1,0
8.245,15.371,1,1,0
8.25,16.131,1,1,0
8.255,16.022,1,1,0
8.26,14.502,1,1,0
8.265,13.741,1,1,0
8.27,15.371,1,1,0
8.275,15.914,1,1,0
8.28,16.783,1,1,0
8.285,18.086,1,1,0
8.29,19.281,1,1,0
8.295,21.019,1,1,0
8.3,22.431,1,1,0
8.305,24.821,1,1,0
8.31,25.473,1,1,0
8.315,26.559,1,1,0
8.32,26.776,1,1,0
8.325,28.406,1,1,0
8.33,28.514,1,1,0
8.335,29.383,1,1,0
8.34,29.166,1,0,0
8.345,30.795,1,0,0
8.35,31.773,0,0,0
8.355,32.425,0,0,0
8.36,33.077,0,0,0
8.365,33.62,0,0,0
8.37,33.294,0,0,0
8.375,32.316,0,0,0
8.38,30.361,0,0,0
8.385,28.297,0,0,0
8.39,25.799,0,0,0
8.395,23.083,0,0,0
8.4,20.585,0,0,0
8.405,18.738,0,0,0
8.41,15.914,0,0,0
8.415,13.741,0,0,0
8.42,12.872,0,0,0
8.425,13.307,0,0,0
8.43,13.307,0,0,0
8.435,11.134,0,0,0
8.44,12.329,0,0,0
8.445,11.351,0,0,0
8.45,10.157,0,0,0
8.455,7.332,0,0,0
8.46,5.92,0,0,0
8.465,6.137,0,0,0
8.47,4.399,0,0,0
8.475,3.53,0,0,0
8.48,1.684,0,0,0
8.485,2.879,0,0,0
8.49,2.661,0,0,0
8.495,0.489,0,0,0
8.5,0.597,0,0,0
8.505,0.923,0,0,0
8.51,0.815,0,0,0
8.515,0.163,0,0,0
8.52,0.163,0,0,0
8.525,-1.14,0,0,0
8.53,-1.357,0,0,0
8.535,-2.986,0,0,0
8.54,-3.203,0,0,0
8.545,-2.009,0,0,0
8.55,-1.357,0,0,0
8.555,-1.791,0,0,0
8.56,-2.117,0,0,0
8.565,-2.334,0,0,0
8.57,-2.769,0,0,0
8.575,-4.724,0,0,0
8.58,-3.312,0,0,0
8.585,-2.769,0,0,0
8.59,-3.421,0,0,0
8.595,-3.421,0,0,0
8.6,-3.638,0,0,0
8.605,-3.312,0,0,0
8.61,-3.964,0,0,0
8.615,-4.398,0,0,0
8.62,-3.312,0,0,0
8.625,-3.421,0,0,0
8.63,-4.072,0,0,0
8.635,-3.855,0,0,0
8.64,-3.095,0,0,0
8.645,-2.986,0,0,0
8.65,-2.878,0,0,0
8.655,-2.443,0,0,0
8.66,-1.574,0,0,0
8.665,-0.814,0,0,0
8.67,-1.465,0,0,0
8.675,-0.596,0,0,0
8.68,0.38,0,0,0
8.685,1.901,0,0,0
8.69,1.032,0,0,0
8.695,2.444,0,0,0
8.7,3.639,0,0,0
8.705,3.639,0,0,0
8.71,2.661,0,0,0
8.715,4.182,0,0,0
8.72,3.422,0,0,0
8.725,3.965,0,0,0
8.73,5.377,0,0,0
8.735,8.527,0,0,0
8.74,17.326,0,0,0
8.745,28.406,0,0,0
8.75,33.185,0,0,0
8.755,32.208,0,0,0
8.76,31.121,0,0,0
8.765,32.425,0,0,0
8.77,32.425,0,0,0
8.775,20.476,0,0,0
8.78,2.01,0,0,0
8.785,-15.804,0,0,0
8.79,-24.06,0,0,0
8.795,-21.561,0,0,0
8.8,-12.219,0,0,0
8.805,-5.376,1,0,0
8.81,-4.072,1,0,0
8.815,-4.616,1,0,0
8.82,-5.05,1,0,0
8.825,-1.465,1,0,0
8.83,1.358,1,1,0
8.835,4.725,1,1,0
8.84,6.463,1,1,0
8.845,7.115,1,1,1
8.85,10.157,1,1,1
8.855,11.351,1,1,1
8.86,11.786,1,1,1
8.865,11.895,1,1,1
8.87,13.198,1,1,1
8.875,15.153,1,1,1
8.88,16.674,1,1,1
8.885,16.131,1,1,1
8.89,15.479,1,1,1
8.895,15.153,1,1,1
8.9,15.153,1,1,0
8.905,16.457,1,1,0
8.91,17.652,1,1,0
8.915,18.195,1,1,0
8.92,17.869,1,1,0
8.925,17.109,1,1,0
8.93,15.371,1,1,0
8.935,16.565,1,1,0
8.94,16.24,1,1,0
8.945,15.696,1,1,0
8.95,15.696,1,1,0
8.955,15.805,1,1,0
8.96,15.588,1,1,0
8.965,15.696,1,1,0
8.97,15.479,1,1,0
8.975,15.479,1,1,0
8.98,15.696,1,1,0
8.985,16.022,1,1,0
8.99,16.348,1,1,0
8.995,16.674,1,1,0
9,15.696,1,1,0
9.005,14.067,1,1,0
9.01,15.588,1,1,0
9.015,14.827,1,1,0
9.02,15.371,1,1,0
9.025,14.502,1,1,0
9.03,14.827,1,1,0
9.035,15.914,1,1,0
9.04,15.696,1,1,0
9.045,14.827,1,1,0
9.05,16.783,1,1,0
9.055,16.022,1,1,0
9.06,15.588,1,1,0
9.065,15.153,1,1,0
9.07,15.588,1,1,0
9.075,15.588,1,1,0
9.08,13.633,1,1,0
9.085,15.696,1,1,0
9.09,15.805,1,1,0
9.095,15.371,1,1,0
9.1,13.307,1,1,0
9.105,15.479,1,1,0
9.11,15.914,1,1,0
9.115,15.153,1,1,0
9.12,14.502,1,1,0
9.125,15.045,1,1,0
9.13,15.914,1,1,0
9.135,16.348,1,1,0
9.14,15.588,1,1,0
9.145,15.479,1,1,0
9.15,16.783,1,1,0
9.155,16.131,1,1,0
9.16,14.827,1,1,0
9.165,15.588,1,1,0
9.17,15.588,1,1,0
9.175,16.022,1,1,0
9.18,15.805,1,1,0
9.185,15.371,1,1,0
9.19,15.153,1,1,0
9.195,15.153,1,1,0
9.2,13.741,1,1,0
9.205,12.981,1,1,0
9.21,12.981,1,1,0
9.215,12.329,1,1,0
9.22,10.917,1,1,0
9.225,11.026,1,1,0
9.23,9.831,1,1,0
9.235,8.962,1,1,0
9.24,8.31,1,1,0
9.245,8.418,1,1,0
9.25,7.224,1,1,0
9.255,6.355,1,1,0
9.26,5.811,1,1,0
9.265,4.834,1,1,0
9.27,5.703,1,1,0
9.275,5.051,1,1,0
9.28,5.92,1,1,0
9.285,6.789,1,1,0
9.29,6.572,1,1,0
9.295,7.115,1,1,0
