time,ankle_angle,ground_force,heel_strike,midfoot_strike,toe_strike
3.38,0.04374665,0.0,0,0,0
3.385,0.04015193,0.0,0,0,0
3.39,0.03350187,0.0,0,0,0
3.395,0.02789017,1.0,1,0,0
3.4,0.02409525,2.0,1,0,0
3.405,0.02037242,3.0,1,0,0
3.41,0.0166932,4.0,1,0,0
3.415,0.01399223,8.0,1,0,0
3.42,0.01194857,13.0,1,0,0
3.425,0.00978082,18.0,1,0,0
3.43,0.00726587,22.0,1,0,0
3.435,0.00468795,25.0,1,0,0
3.44,0.00245441,27.0,1,0,0
3.445,0.00068535,29.0,1,0,0
3.45,-0.00064815,30.0,1,0,0
3.455,-0.00149967,31.0,1,0,0
3.46,-0.00180756,33.0,1,0,0
3.465,-0.00153929,35.0,1,0,0
3.47,-0.00067663,37.0,1,0,0
3.475,0.00080164,40.0,1,0,0
3.48,0.00290872,43.0,1,1,0
3.485,0.00568401,47.0,1,1,0
3.49,0.00917922,51.0,1,1,0
3.495,0.01339092,55.0,1,1,0
3.5,0.018254,57.0,1,1,0
3.505,0.02372469,60.0,1,1,1
3.51,0.02973636,62.0,1,1,1
3.515,0.03616501,64.0,1,1,1
3.52,0.042867,66.0,1,1,1
3.525,0.04972083,67.0,1,1,1
3.53,0.05659102,69.0,1,1,1
3.535,0.06333132,70.0,1,1,1
3.54,0.06995523,72.0,1,1,1
3.545,0.07662423,74.0,1,1,1
3.55,0.08337154,76.0,1,1,1
3.555,0.08997921,77.0,1,1,1
3.56,0.09619783,77.0,1,1,1
3.565,0.10197131,78.0,1,1,1
3.57,0.10737952,78.0,1,1,1
3.575,0.11245575,78.0,1,1,1
3.58,0.11719459,78.0,1,1,1
3.585,0.12160454,78.0,1,1,1
3.59,0.12570873,78.0,1,1,1
3.595,0.12952676,77.0,1,1,1
3.6,0.13307596,77.0,1,1,1
3.605,0.1363742,76.0,1,1,1
3.61,0.13943825,75.0,1,1,1
3.615,0.14228463,74.0,1,1,1
3.62,0.14492997,73.0,1,1,1
3.625,0.1473901,72.0,1,1,1
3.63,0.14968071,71.0,1,1,1
3.635,0.15181743,69.0,1,1,1
3.64,0.15381484,68.0,1,1,1
3.645,0.15568624,67.0,1,1,1
3.65,0.1574417,65.0,1,1,1
3.655,0.15908964,64.0,1,1,1
3.66,0.16063514,63.0,1,1,1
3.665,0.1620822,62.0,1,1,1
3.67,0.16343366,61.0,1,1,1
3.675,0.16469281,60.0,1,1,1
3.68,0.16586432,59.0,1,1,1
3.685,0.16695381,59.0,1,1,1
3.69,0.16796923,58.0,1,1,1
3.695,0.16891943,57.0,1,1,1
3.7,0.16981423,57.0,1,1,1
3.705,0.17066374,56.0,1,1,1
3.71,0.17148105,56.0,1,1,1
3.715,0.1722813,55.0,1,1,1
3.72,0.17307756,55.0,1,1,1
3.725,0.1738785,54.0,1,1,1
3.73,0.17468824,54.0,1,1,1
3.735,0.17551176,54.0,1,1,1
3.74,0.176355,54.0,1,1,1
3.745,0.17722382,54.0,1,1,1
3.75,0.1781231,54.0,1,1,1
3.755,0.17905695,54.0,1,1,1
3.76,0.18002891,54.0,1,1,1
3.765,0.18104244,54.0,1,1,1
3.77,0.18210292,55.0,1,1,1
3.775,0.18321736,55.0,1,1,1
3.78,0.18439571,56.0,1,1,1
3.785,0.18564954,56.0,1,1,1
3.79,0.18699047,57.0,1,1,1
3.795,0.18842989,57.0,1,1,1
3.8,0.18997981,58.0,1,1,1
3.805,0.19165237,59.0,1,1,1
3.81,0.19346319,59.0,1,1,1
3.815,0.19543084,60.0,1,1,1
3.82,0.1975722,61.0,1,1,1
3.825,0.19989881,62.0,1,1,1
3.83,0.20240995,63.0,1,1,1
3.835,0.20509964,64.0,1,1,1
3.84,0.20795331,65.0,1,1,1
3.845,0.21095265,66.0,1,1,1
3.85,0.21407687,67.0,1,1,1
3.855,0.21730533,69.0,0,1,1
3.86,0.22061091,70.0,0,1,1
3.865,0.22396147,71.0,0,1,1
3.87,0.22731967,72.0,0,1,1
3.875,0.23064748,73.0,0,1,1
3.88,0.23390412,74.0,0,1,1
3.885,0.23704647,75.0,0,1,1
3.89,0.24002732,77.0,0,1,1
3.895,0.24279974,78.0,0,1,1
3.9,0.24532021,79.0,0,1,1
3.905,0.24754496,80.0,0,1,1
3.91,0.24942926,80.0,0,1,1
3.915,0.25092895,81.0,0,1,1
3.92,0.25200138,82.0,0,1,1
3.925,0.25260522,82.0,0,1,1
3.93,0.25270225,82.0,0,1,1
3.935,0.25225676,82.0,0,1,1
3.94,0.25124637,82.0,0,1,1
3.945,0.24965892,82.0,0,1,1
3.95,0.24749699,81.0,0,1,1
3.955,0.24476377,81.0,0,1,1
3.96,0.24142105,80.0,0,1,1
3.965,0.23740476,79.0,0,1,1
3.97,0.23268679,77.0,0,1,1
3.975,0.22728322,75.0,0,1,1
3.98,0.22127031,73.0,0,1,1
3.985,0.21473746,71.0,0,0,1
3.99,0.20771869,69.0,0,0,1
3.995,0.20019181,66.0,0,0,1
4.0,0.19209042,63.0,0,0,1
4.005,0.18335685,60.0,0,0,1
4.01,0.17394537,56.0,0,0,1
4.015,0.16381132,52.0,0,0,1
4.02,0.15295078,46.0,0,0,1
4.025,0.14144572,40.0,0,0,1
4.03,0.12952126,32.0,0,0,1
4.035,0.11724142,24.0,0,0,1
4.04,0.10454146,20.0,0,0,1
4.045,0.09162398,18.0,0,0,1
4.05,0.07800634,17.0,0,0,1
4.055,0.06267531,17.0,0,0,1
4.06,0.04522689,17.0,0,0,1
4.065,0.02563013,16.0,0,0,1
4.07,0.00416115,16.0,0,0,1
4.075,-0.01867901,15.0,0,0,1
4.08,-0.04197314,13.0,0,0,1
4.085,-0.06481068,10.0,0,0,1
4.09,-0.08680566,7.0,0,0,1
4.095,-0.10778031,4.0,0,0,1
4.1,-0.12707079,2.0,0,0,1
4.105,-0.14326158,0.0,0,0,0
4.11,-0.15630307,-1.0,0,0,0
4.115,-0.16814718,-1.0,0,0,0
4.12,-0.17955071,0.0,0,0,0
4.125,-0.18920619,-1.0,0,0,0
4.13,-0.19638429,-1.0,0,0,0
4.135,-0.20160904,0.0,0,0,0
4.14,-0.20518205,0.0,0,0,0
4.145,-0.20681282,0.0,0,0,0
4.15,-0.20645991,0.0,0,0,0
4.155,-0.20440783,0.0,0,0,0
4.16,-0.20085716,0.0,0,0,0
4.165,-0.19588476,0.0,0,0,0
4.17,-0.18965299,0.0,0,0,0
4.175,-0.1823788,0.0,0,0,0
4.18,-0.17423868,0.0,0,0,0
4.185,-0.16539064,0.0,0,0,0
4.19,-0.15599413,0.0,0,0,0
4.195,-0.14619706,0.0,0,0,0
4.2,-0.13612095,0.0,0,0,0
4.205,-0.12587778,0.0,0,0,0
4.21,-0.11555765,0.0,0,0,0
4.215,-0.1052385,0.0,0,0,0
4.22,-0.09497869,0.0,0,0,0
4.225,-0.08482864,0.0,0,0,0
4.23,-0.07482427,0.0,0,0,0
4.235,-0.06499548,0.0,0,0,0
4.24,-0.05536303,0.0,0,0,0
4.245,-0.04594421,0.0,0,0,0
4.25,-0.0367527,0.0,0,0,0
4.255,-0.02780126,0.0,0,0,0
4.26,-0.01910326,0.0,0,0,0
4.265,-0.01067413,0.0,0,0,0
4.27,-0.00253218,0.0,0,0,0
4.275,0.00530498,0.0,0,0,0
4.28,0.01281211,0.0,0,0,0
4.285,0.01995712,0.0,0,0,0
4.29,0.02670067,0.0,0,0,0
4.295,0.03299946,0.0,0,0,0
4.3,0.03879534,0.0,0,0,0
4.305,0.04403055,0.0,0,0,0
4.31,0.04866008,0.0,0,0,0
4.315,0.05262914,0.0,0,0,0
4.32,0.05589029,0.0,0,0,0
4.325,0.05842338,0.0,0,0,0
4.33,0.06023728,0.0,0,0,0
4.335,0.06135327,0.0,0,0,0
4.34,0.06184097,0.0,0,0,0
4.345,0.06179001,0.0,0,0,0
4.35,0.0613054,0.0,0,0,0
4.355,0.06048611,0.0,0,0,0
4.36,0.05939353,0.0,0,0,0
4.365,0.05807879,0.0,0,0,0
4.37,0.0565817,0.0,0,0,0
4.375,0.05493308,0.0,0,0,0
4.38,0.05317066,0.0,0,0,0
4.385,0.05133717,0.0,0,0,0
4.39,0.0494749,0.0,0,0,0
4.395,0.04762778,0.0,0,0,0
4.4,0.04583474,0.0,0,0,0
4.405,0.04412734,0.0,0,0,0
4.41,0.04253331,0.0,0,0,0
4.415,0.04107989,0.0,0,0,0
4.42,0.03978368,0.0,0,0,0
4.425,0.03865042,0.0,0,0,0
4.43,0.03767337,0.0,0,0,0
4.435,0.03686359,0.0,0,0,0
4.44,0.0362336,0.0,0,0,0
4.445,0.03576816,0.0,0,0,0
4.45,0.03548213,0.0,0,0,0
4.455,0.03543385,0.0,0,0,0
4.46,0.035622,0.0,0,0,0
4.465,0.03599042,0.0,0,0,0
4.47,0.03669701,0.0,0,0,0
4.475,0.03805767,0.0,0,0,0
4.48,0.0402134,0.0,0,0,0
4.485,0.04284387,0.0,0,0,0
4.49,0.04374665,0.0,0,0,0
4.495,0.04374665,0.0,0,0,0
4.5,0.04015193,0.0,0,0,0
4.505,0.03350187,0.0,0,0,0
4.51,0.02789017,1.0,1,0,0
4.515,0.02409525,2.0,1,0,0
4.52,0.02037242,3.0,1,0,0
4.525,0.0166932,4.0,1,0,0
4.53,0.01399223,8.0,1,0,0
4.535,0.01194857,13.0,1,0,0
4.54,0.00978082,18.0,1,0,0
4.545,0.00726587,22.0,1,0,0
4.55,0.00468795,25.0,1,0,0
4.555,0.00245441,27.0,1,0,0
4.56,0.00068535,29.0,1,0,0
4.565,-0.00064815,30.0,1,0,0
4.57,-0.00149967,31.0,1,0,0
4.575,-0.00180756,33.0,1,0,0
4.58,-0.00153929,35.0,1,0,0
4.585,-0.00067663,37.0,1,0,0
4.59,0.00080164,40.0,1,0,0
4.595,0.00290872,43.0,1,1,0
4.6,0.00568401,47.0,1,1,0
4.605,0.00917922,51.0,1,1,0
4.61,0.01339092,55.0,1,1,0
4.615,0.018254,57.0,1,1,0
4.62,0.02372469,60.0,1,1,1
4.625,0.02973636,62.0,1,1,1
4.63,0.03616501,64.0,1,1,1
4.635,0.042867,66.0,1,1,1
4.64,0.04972083,67.0,1,1,1
4.645,0.05659102,69.0,1,1,1
4.65,0.06333132,70.0,1,1,1
4.655,0.06995523,72.0,1,1,1
4.66,0.07662423,74.0,1,1,1
4.665,0.08337154,76.0,1,1,1
4.67,0.08997921,77.0,1,1,1
4.675,0.09619783,77.0,1,1,1
4.68,0.10197131,78.0,1,1,1
4.685,0.10737952,78.0,1,1,1
4.69,0.11245575,78.0,1,1,1
4.695,0.11719459,78.0,1,1,1
4.7,0.12160454,78.0,1,1,1
4.705,0.12570873,78.0,1,1,1
4.71,0.12952676,77.0,1,1,1
4.715,0.13307596,77.0,1,1,1
4.72,0.1363742,76.0,1,1,1
4.725,0.13943825,75.0,1,1,1
4.73,0.14228463,74.0,1,1,1
4.735,0.14492997,73.0,1,1,1
4.74,0.1473901,72.0,1,1,1
4.745,0.14968071,71.0,1,1,1
4.75,0.15181743,69.0,1,1,1
4.755,0.15381484,68.0,1,1,1
4.76,0.15568624,67.0,1,1,1
4.765,0.1574417,65.0,1,1,1
4.77,0.15908964,64.0,1,1,1
4.775,0.16063514,63.0,1,1,1
4.78,0.1620822,62.0,1,1,1
4.785,0.16343366,61.0,1,1,1
4.79,0.16469281,60.0,1,1,1
4.795,0.16586432,59.0,1,1,1
4.8,0.16695381,59.0,1,1,1
4.805,0.16796923,58.0,1,1,1
4.81,0.16891943,57.0,1,1,1
4.815,0.16981423,57.0,1,1,1
4.82,0.17066374,56.0,1,1,1
4.825,0.17148105,56.0,1,1,1
4.83,0.1722813,55.0,1,1,1
4.835,0.17307756,55.0,1,1,1
4.84,0.1738785,54.0,1,1,1
4.845,0.17468824,54.0,1,1,1
4.85,0.17551176,54.0,1,1,1
4.855,0.176355,54.0,1,1,1
4.86,0.17722382,54.0,1,1,1
4.865,0.1781231,54.0,1,1,1
4.87,0.17905695,54.0,1,1,1
4.875,0.18002891,54.0,1,1,1
4.88,0.18104244,54.0,1,1,1
4.885,0.18210292,55.0,1,1,1
4.89,0.18321736,55.0,1,1,1
4.895,0.18439571,56.0,1,1,1
4.9,0.18564954,56.0,1,1,1
4.905,0.18699047,57.0,1,1,1
4.91,0.18842989,57.0,1,1,1
4.915,0.18997981,58.0,1,1,1
4.92,0.19165237,59.0,1,1,1
4.925,0.19346319,59.0,1,1,1
4.93,0.19543084,60.0,1,1,1
4.935,0.1975722,61.0,1,1,1
4.94,0.19989881,62.0,1,1,1
4.945,0.20240995,63.0,1,1,1
4.95,0.20509964,64.0,1,1,1
4.955,0.20795331,65.0,1,1,1
4.96,0.21095265,66.0,1,1,1
4.965,0.21407687,67.0,1,1,1
4.97,0.21730533,69.0,0,1,1
4.975,0.22061091,70.0,0,1,1
4.98,0.22396147,71.0,0,1,1
4.985,0.22731967,72.0,0,1,1
4.99,0.23064748,73.0,0,1,1
4.995,0.23390412,74.0,0,1,1
5.0,0.23704647,75.0,0,1,1
5.005,0.24002732,77.0,0,1,1
5.01,0.24279974,78.0,0,1,1
5.015,0.24532021,79.0,0,1,1
5.02,0.24754496,80.0,0,1,1
5.025,0.24942926,80.0,0,1,1
5.03,0.25092895,81.0,0,1,1
5.035,0.25200138,82.0,0,1,1
5.04,0.25260522,82.0,0,1,1
5.045,0.25270225,82.0,0,1,1
5.05,0.25225676,82.0,0,1,1
5.055,0.25124637,82.0,0,1,1
5.06,0.24965892,82.0,0,1,1
5.065,0.24749699,81.0,0,1,1
5.07,0.24476377,81.0,0,1,1
5.075,0.24142105,80.0,0,1,1
5.08,0.23740476,79.0,0,1,1
5.085,0.23268679,77.0,0,1,1
5.09,0.22728322,75.0,0,1,1
5.095,0.22127031,73.0,0,1,1
5.1,0.21473746,71.0,0,0,1
5.105,0.20771869,69.0,0,0,1
5.11,0.20019181,66.0,0,0,1
5.115,0.19209042,63.0,0,0,1
5.12,0.18335685,60.0,0,0,1
5.125,0.17394537,56.0,0,0,1
5.13,0.16381132,52.0,0,0,1
5.135,0.15295078,46.0,0,0,1
5.14,0.14144572,40.0,0,0,1
5.145,0.12952126,32.0,0,0,1
5.15,0.11724142,24.0,0,0,1
5.155,0.10454146,20.0,0,0,1
5.16,0.09162398,18.0,0,0,1
5.165,0.07800634,17.0,0,0,1
5.17,0.06267531,17.0,0,0,1
5.175,0.04522689,17.0,0,0,1
5.18,0.02563013,16.0,0,0,1
5.185,0.00416115,16.0,0,0,1
5.19,-0.01867901,15.0,0,0,1
5.195,-0.04197314,13.0,0,0,1
5.2,-0.06481068,10.0,0,0,1
5.205,-0.08680566,7.0,0,0,1
5.21,-0.10778031,4.0,0,0,1
5.215,-0.12707079,2.0,0,0,1
5.22,-0.14326158,0.0,0,0,0
5.225,-0.15630307,-1.0,0,0,0
5.23,-0.16814718,-1.0,0,0,0
5.235,-0.17955071,0.0,0,0,0
5.24,-0.18920619,-1.0,0,0,0
5.245,-0.19638429,-1.0,0,0,0
5.25,-0.20160904,0.0,0,0,0
5.255,-0.20518205,0.0,0,0,0
5.26,-0.20681282,0.0,0,0,0
5.265,-0.20645991,0.0,0,0,0
5.27,-0.20440783,0.0,0,0,0
5.275,-0.20085716,0.0,0,0,0
5.28,-0.19588476,0.0,0,0,0
5.285,-0.18965299,0.0,0,0,0
5.29,-0.1823788,0.0,0,0,0
5.295,-0.17423868,0.0,0,0,0
5.3,-0.16539064,0.0,0,0,0
5.305,-0.15599413,0.0,0,0,0
5.31,-0.14619706,0.0,0,0,0
5.315,-0.13612095,0.0,0,0,0
5.32,-0.12587778,0.0,0,0,0
5.325,-0.11555765,0.0,0,0,0
5.33,-0.1052385,0.0,0,0,0
5.335,-0.09497869,0.0,0,0,0
5.34,-0.08482864,0.0,0,0,0
5.345,-0.07482427,0.0,0,0,0
5.35,-0.06499548,0.0,0,0,0
5.355,-0.05536303,0.0,0,0,0
5.36,-0.04594421,0.0,0,0,0
5.365,-0.0367527,0.0,0,0,0
5.37,-0.02780126,0.0,0,0,0
5.375,-0.01910326,0.0,0,0,0
5.38,-0.01067413,0.0,0,0,0
5.385,-0.00253218,0.0,0,0,0
5.39,0.00530498,0.0,0,0,0
5.395,0.01281211,0.0,0,0,0
5.4,0.01995712,0.0,0,0,0
5.405,0.02670067,0.0,0,0,0
5.41,0.03299946,0.0,0,0,0
5.415,0.03879534,0.0,0,0,0
5.42,0.04403055,0.0,0,0,0
5.425,0.04866008,0.0,0,0,0
5.43,0.05262914,0.0,0,0,0
5.435,0.05589029,0.0,0,0,0
5.44,0.05842338,0.0,0,0,0
5.445,0.06023728,0.0,0,0,0
5.45,0.06135327,0.0,0,0,0
5.455,0.06184097,0.0,0,0,0
5.46,0.06179001,0.0,0,0,0
5.465,0.0613054,0.0,0,0,0
5.47,0.06048611,0.0,0,0,0
5.475,0.05939353,0.0,0,0,0
5.48,0.05807879,0.0,0,0,0
5.485,0.0565817,0.0,0,0,0
5.49,0.05493308,0.0,0,0,0
5.495,0.05317066,0.0,0,0,0
5.5,0.05133717,0.0,0,0,0
5.505,0.0494749,0.0,0,0,0
5.51,0.04762778,0.0,0,0,0
5.515,0.04583474,0.0,0,0,0
5.52,0.04412734,0.0,0,0,0
5.525,0.04253331,0.0,0,0,0
5.53,0.04107989,0.0,0,0,0
5.535,0.03978368,0.0,0,0,0
5.54,0.03865042,0.0,0,0,0
5.545,0.03767337,0.0,0,0,0
5.55,0.03686359,0.0,0,0,0
5.555,0.0362336,0.0,0,0,0
5.56,0.03576816,0.0,0,0,0
5.565,0.03548213,0.0,0,0,0
5.57,0.03543385,0.0,0,0,0
5.575,0.035622,0.0,0,0,0
5.58,0.03599042,0.0,0,0,0
5.585,0.03669701,0.0,0,0,0
5.59,0.03805767,0.0,0,0,0
5.595,0.0402134,0.0,0,0,0
5.6,0.04284387,0.0,0,0,0
5.605,0.04374665,0.0,0,0,0
5.61,0.04374665,0.0,0,0,0
5.615,0.04015193,0.0,0,0,0
5.62,0.03350187,0.0,0,0,0
5.625,0.02789017,1.0,1,0,0
5.63,0.02409525,2.0,1,0,0
5.635,0.02037242,3.0,1,0,0
5.64,0.0166932,4.0,1,0,0
5.645,0.01399223,8.0,1,0,0
5.65,0.01194857,13.0,1,0,0
5.655,0.00978082,18.0,1,0,0
5.66,0.00726587,22.0,1,0,0
5.665,0.00468795,25.0,1,0,0
5.67,0.00245441,27.0,1,0,0
5.675,0.00068535,29.0,1,0,0
5.68,-0.00064815,30.0,1,0,0
5.685,-0.00149967,31.0,1,0,0
5.69,-0.00180756,33.0,1,0,0
5.695,-0.00153929,35.0,1,0,0
5.7,-0.00067663,37.0,1,0,0
5.705,0.00080164,40.0,1,0,0
5.71,0.00290872,43.0,1,1,0
5.715,0.00568401,47.0,1,1,0
5.72,0.00917922,51.0,1,1,0
5.725,0.01339092,55.0,1,1,0
5.73,0.018254,57.0,1,1,0
5.735,0.02372469,60.0,1,1,1
5.74,0.02973636,62.0,1,1,1
5.745,0.03616501,64.0,1,1,1
5.75,0.042867,66.0,1,1,1
5.755,0.04972083,67.0,1,1,1
5.76,0.05659102,69.0,1,1,1
5.765,0.06333132,70.0,1,1,1
5.77,0.06995523,72.0,1,1,1
5.775,0.07662423,74.0,1,1,1
5.78,0.08337154,76.0,1,1,1
5.785,0.08997921,77.0,1,1,1
5.79,0.09619783,77.0,1,1,1
5.795,0.10197131,78.0,1,1,1
5.8,0.10737952,78.0,1,1,1
5.805,0.11245575,78.0,1,1,1
5.81,0.11719459,78.0,1,1,1
5.815,0.12160454,78.0,1,1,1
5.82,0.12570873,78.0,1,1,1
5.825,0.12952676,77.0,1,1,1
5.83,0.13307596,77.0,1,1,1
5.835,0.1363742,76.0,1,1,1
5.84,0.13943825,75.0,1,1,1
5.845,0.14228463,74.0,1,1,1
5.85,0.14492997,73.0,1,1,1
5.855,0.1473901,72.0,1,1,1
5.86,0.14968071,71.0,1,1,1
5.865,0.15181743,69.0,1,1,1
5.87,0.15381484,68.0,1,1,1
5.875,0.15568624,67.0,1,1,1
5.88,0.1574417,65.0,1,1,1
5.885,0.15908964,64.0,1,1,1
5.89,0.16063514,63.0,1,1,1
5.895,0.1620822,62.0,1,1,1
5.9,0.16343366,61.0,1,1,1
5.905,0.16469281,60.0,1,1,1
5.91,0.16586432,59.0,1,1,1
5.915,0.16695381,59.0,1,1,1
5.92,0.16796923,58.0,1,1,1
5.925,0.16891943,57.0,1,1,1
5.93,0.16981423,57.0,1,1,1
5.935,0.17066374,56.0,1,1,1
5.94,0.17148105,56.0,1,1,1
5.945,0.1722813,55.0,1,1,1
5.95,0.17307756,55.0,1,1,1
5.955,0.1738785,54.0,1,1,1
5.96,0.17468824,54.0,1,1,1
5.965,0.17551176,54.0,1,1,1
5.97,0.176355,54.0,1,1,1
5.975,0.17722382,54.0,1,1,1
5.98,0.1781231,54.0,1,1,1
5.985,0.17905695,54.0,1,1,1
5.99,0.18002891,54.0,1,1,1
5.995,0.18104244,54.0,1,1,1
6.0,0.18210292,55.0,1,1,1
6.005,0.18321736,55.0,1,1,1
6.01,0.18439571,56.0,1,1,1
6.015,0.18564954,56.0,1,1,1
6.02,0.18699047,57.0,1,1,1
6.025,0.18842989,57.0,1,1,1
6.03,0.18997981,58.0,1,1,1
6.035,0.19165237,59.0,1,1,1
6.04,0.19346319,59.0,1,1,1
6.045,0.19543084,60.0,1,1,1
6.05,0.1975722,61.0,1,1,1
6.055,0.19989881,62.0,1,1,1
6.06,0.20240995,63.0,1,1,1
6.065,0.20509964,64.0,1,1,1
6.07,0.20795331,65.0,1,1,1
6.075,0.21095265,66.0,1,1,1
6.08,0.21407687,67.0,1,1,1
6.085,0.21730533,69.0,0,1,1
6.09,0.22061091,70.0,0,1,1
6.095,0.22396147,71.0,0,1,1
6.1,0.22731967,72.0,0,1,1
6.105,0.23064748,73.0,0,1,1
6.11,0.23390412,74.0,0,1,1
6.115,0.23704647,75.0,0,1,1
6.12,0.24002732,77.0,0,1,1
6.125,0.24279974,78.0,0,1,1
6.13,0.24532021,79.0,0,1,1
6.135,0.24754496,80.0,0,1,1
6.14,0.24942926,80.0,0,1,1
6.145,0.25092895,81.0,0,1,1
6.15,0.25200138,82.0,0,1,1
6.155,0.25260522,82.0,0,1,1
6.16,0.25270225,82.0,0,1,1
6.165,0.25225676,82.0,0,1,1
6.17,0.25124637,82.0,0,1,1
6.175,0.24965892,82.0,0,1,1
6.18,0.24749699,81.0,0,1,1
6.185,0.24476377,81.0,0,1,1
6.19,0.24142105,80.0,0,1,1
6.195,0.23740476,79.0,0,1,1
6.2,0.23268679,77.0,0,1,1
6.205,0.22728322,75.0,0,1,1
6.21,0.22127031,73.0,0,1,1
6.215,0.21473746,71.0,0,0,1
6.22,0.20771869,69.0,0,0,1
6.225,0.20019181,66.0,0,0,1
6.23,0.19209042,63.0,0,0,1
6.235,0.18335685,60.0,0,0,1
6.24,0.17394537,56.0,0,0,1
6.245,0.16381132,52.0,0,0,1
6.25,0.15295078,46.0,0,0,1
6.255,0.14144572,40.0,0,0,1
6.26,0.12952126,32.0,0,0,1
6.265,0.11724142,24.0,0,0,1
6.27,0.10454146,20.0,0,0,1
6.275,0.09162398,18.0,0,0,1
6.28,0.07800634,17.0,0,0,1
6.285,0.06267531,17.0,0,0,1
6.29,0.04522689,17.0,0,0,1
6.295,0.02563013,16.0,0,0,1
6.3,0.00416115,16.0,0,0,1
6.305,-0.01867901,15.0,0,0,1
6.31,-0.04197314,13.0,0,0,1
6.315,-0.06481068,10.0,0,0,1
6.32,-0.08680566,7.0,0,0,1
6.325,-0.10778031,4.0,0,0,1
6.33,-0.12707079,2.0,0,0,1
6.335,-0.14326158,0.0,0,0,0
6.34,-0.15630307,-1.0,0,0,0
6.345,-0.16814718,-1.0,0,0,0
6.35,-0.17955071,0.0,0,0,0
6.355,-0.18920619,-1.0,0,0,0
6.36,-0.19638429,-1.0,0,0,0
6.365,-0.20160904,0.0,0,0,0
6.37,-0.20518205,0.0,0,0,0
6.375,-0.20681282,0.0,0,0,0
6.38,-0.20645991,0.0,0,0,0
6.385,-0.20440783,0.0,0,0,0
6.39,-0.20085716,0.0,0,0,0
6.395,-0.19588476,0.0,0,0,0
6.4,-0.18965299,0.0,0,0,0
6.405,-0.1823788,0.0,0,0,0
6.41,-0.17423868,0.0,0,0,0
6.415,-0.16539064,0.0,0,0,0
6.42,-0.15599413,0.0,0,0,0
6.425,-0.14619706,0.0,0,0,0
6.43,-0.13612095,0.0,0,0,0
6.435,-0.12587778,0.0,0,0,0
6.44,-0.11555765,0.0,0,0,0
6.445,-0.1052385,0.0,0,0,0
6.45,-0.09497869,0.0,0,0,0
6.455,-0.08482864,0.0,0,0,0
6.46,-0.07482427,0.0,0,0,0
6.465,-0.06499548,0.0,0,0,0
6.47,-0.05536303,0.0,0,0,0
6.475,-0.04594421,0.0,0,0,0
6.48,-0.0367527,0.0,0,0,0
6.485,-0.02780126,0.0,0,0,0
6.49,-0.01910326,0.0,0,0,0
6.495,-0.01067413,0.0,0,0,0
6.5,-0.00253218,0.0,0,0,0
6.505,0.00530498,0.0,0,0,0
6.51,0.01281211,0.0,0,0,0
6.515,0.01995712,0.0,0,0,0
6.52,0.02670067,0.0,0,0,0
6.525,0.03299946,0.0,0,0,0
6.53,0.03879534,0.0,0,0,0
6.535,0.04403055,0.0,0,0,0
6.54,0.04866008,0.0,0,0,0
6.545,0.05262914,0.0,0,0,0
6.55,0.05589029,0.0,0,0,0
6.555,0.05842338,0.0,0,0,0
6.56,0.06023728,0.0,0,0,0
6.565,0.06135327,0.0,0,0,0
6.57,0.06184097,0.0,0,0,0
6.575,0.06179001,0.0,0,0,0
6.58,0.0613054,0.0,0,0,0
6.585,0.06048611,0.0,0,0,0
6.59,0.05939353,0.0,0,0,0
6.595,0.05807879,0.0,0,0,0
6.6,0.0565817,0.0,0,0,0
6.605,0.05493308,0.0,0,0,0
6.61,0.05317066,0.0,0,0,0
6.615,0.05133717,0.0,0,0,0
6.62,0.0494749,0.0,0,0,0
6.625,0.04762778,0.0,0,0,0
6.63,0.04583474,0.0,0,0,0
6.635,0.04412734,0.0,0,0,0
6.64,0.04253331,0.0,0,0,0
6.645,0.04107989,0.0,0,0,0
6.65,0.03978368,0.0,0,0,0
6.655,0.03865042,0.0,0,0,0
6.66,0.03767337,0.0,0,0,0
6.665,0.03686359,0.0,0,0,0
6.67,0.0362336,0.0,0,0,0
6.675,0.03576816,0.0,0,0,0
6.68,0.03548213,0.0,0,0,0
6.685,0.03543385,0.0,0,0,0
6.69,0.035622,0.0,0,0,0
6.695,0.03599042,0.0,0,0,0
6.7,0.03669701,0.0,0,0,0
6.705,0.03805767,0.0,0,0,0
6.71,0.0402134,0.0,0,0,0
6.715,0.04284387,0.0,0,0,0
6.72,0.04374665,0.0,0,0,0
6.725,0.04374665,0.0,0,0,0
6.73,0.04015193,0.0,0,0,0
6.735,0.03350187,0.0,0,0,0
6.74,0.02789017,1.0,1,0,0
6.745,0.02409525,2.0,1,0,0
6.75,0.02037242,3.0,1,0,0
6.755,0.0166932,4.0,1,0,0
6.76,0.01399223,8.0,1,0,0
6.765,0.01194857,13.0,1,0,0
6.77,0.00978082,18.0,1,0,0
6.775,0.00726587,22.0,1,0,0
6.78,0.00468795,25.0,1,0,0
6.785,0.00245441,27.0,1,0,0
6.79,0.00068535,29.0,1,0,0
6.795,-0.00064815,30.0,1,0,0
6.8,-0.00149967,31.0,1,0,0
6.805,-0.00180756,33.0,1,0,0
6.81,-0.00153929,35.0,1,0,0
6.815,-0.00067663,37.0,1,0,0
6.82,0.00080164,40.0,1,0,0
6.825,0.00290872,43.0,1,1,0
6.83,0.00568401,47.0,1,1,0
6.835,0.00917922,51.0,1,1,0
6.84,0.01339092,55.0,1,1,0
6.845,0.018254,57.0,1,1,0
6.85,0.02372469,60.0,1,1,1
6.855,0.02973636,62.0,1,1,1
6.86,0.03616501,64.0,1,1,1
6.865,0.042867,66.0,1,1,1
6.87,0.04972083,67.0,1,1,1
6.875,0.05659102,69.0,1,1,1
6.88,0.06333132,70.0,1,1,1
6.885,0.06995523,72.0,1,1,1
6.89,0.07662423,74.0,1,1,1
6.895,0.08337154,76.0,1,1,1
6.9,0.08997921,77.0,1,1,1
6.905,0.09619783,77.0,1,1,1
6.91,0.10197131,78.0,1,1,1
6.915,0.10737952,78.0,1,1,1
6.92,0.11245575,78.0,1,1,1
6.925,0.11719459,78.0,1,1,1
6.93,0.12160454,78.0,1,1,1
6.935,0.12570873,78.0,1,1,1
6.94,0.12952676,77.0,1,1,1
6.945,0.13307596,77.0,1,1,1
6.95,0.1363742,76.0,1,1,1
6.955,0.13943825,75.0,1,1,1
6.96,0.14228463,74.0,1,1,1
6.965,0.14492997,73.0,1,1,1
6.97,0.1473901,72.0,1,1,1
6.975,0.14968071,71.0,1,1,1
6.98,0.15181743,69.0,1,1,1
6.985,0.15381484,68.0,1,1,1
6.99,0.15568624,67.0,1,1,1
6.995,0.1574417,65.0,1,1,1
7.0,0.15908964,64.0,1,1,1
7.005,0.16063514,63.0,1,1,1
7.01,0.1620822,62.0,1,1,1
7.015,0.16343366,61.0,1,1,1
7.02,0.16469281,60.0,1,1,1
7.025,0.16586432,59.0,1,1,1
7.03,0.16695381,59.0,1,1,1
7.035,0.16796923,58.0,1,1,1
7.04,0.16891943,57.0,1,1,1
7.045,0.16981423,57.0,1,1,1
7.05,0.17066374,56.0,1,1,1
7.055,0.17148105,56.0,1,1,1
7.06,0.1722813,55.0,1,1,1
7.065,0.17307756,55.0,1,1,1
7.07,0.1738785,54.0,1,1,1
7.075,0.17468824,54.0,1,1,1
7.08,0.17551176,54.0,1,1,1
7.085,0.176355,54.0,1,1,1
7.09,0.17722382,54.0,1,1,1
7.095,0.1781231,54.0,1,1,1
7.1,0.17905695,54.0,1,1,1
7.105,0.18002891,54.0,1,1,1
7.11,0.18104244,54.0,1,1,1
7.115,0.18210292,55.0,1,1,1
7.12,0.18321736,55.0,1,1,1
7.125,0.18439571,56.0,1,1,1
7.13,0.18564954,56.0,1,1,1
7.135,0.18699047,57.0,1,1,1
7.14,0.18842989,57.0,1,1,1
7.145,0.18997981,58.0,1,1,1
7.15,0.19165237,59.0,1,1,1
7.155,0.19346319,59.0,1,1,1
7.16,0.19543084,60.0,1,1,1
7.165,0.1975722,61.0,1,1,1
7.17,0.19989881,62.0,1,1,1
7.175,0.20240995,63.0,1,1,1
7.18,0.20509964,64.0,1,1,1
7.185,0.20795331,65.0,1,1,1
7.19,0.21095265,66.0,1,1,1
7.195,0.21407687,67.0,1,1,1
7.2,0.21730533,69.0,0,1,1
7.205,0.22061091,70.0,0,1,1
7.21,0.22396147,71.0,0,1,1
7.215,0.22731967,72.0,0,1,1
7.22,0.23064748,73.0,0,1,1
7.225,0.23390412,74.0,0,1,1
7.23,0.23704647,75.0,0,1,1
7.235,0.24002732,77.0,0,1,1
7.24,0.24279974,78.0,0,1,1
7.245,0.24532021,79.0,0,1,1
7.25,0.24754496,80.0,0,1,1
7.255,0.24942926,80.0,0,1,1
7.26,0.25092895,81.0,0,1,1
7.265,0.25200138,82.0,0,1,1
7.27,0.25260522,82.0,0,1,1
7.275,0.25270225,82.0,0,1,1
7.28,0.25225676,82.0,0,1,1
7.285,0.25124637,82.0,0,1,1
7.29,0.24965892,82.0,0,1,1
7.295,0.24749699,81.0,0,1,1
7.3,0.24476377,81.0,0,1,1
7.305,0.24142105,80.0,0,1,1
7.31,0.23740476,79.0,0,1,1
7.315,0.23268679,77.0,0,1,1
7.32,0.22728322,75.0,0,1,1
7.325,0.22127031,73.0,0,1,1
7.33,0.21473746,71.0,0,0,1
7.335,0.20771869,69.0,0,0,1
7.34,0.20019181,66.0,0,0,1
7.345,0.19209042,63.0,0,0,1
7.35,0.18335685,60.0,0,0,1
7.355,0.17394537,56.0,0,0,1
7.36,0.16381132,52.0,0,0,1
7.365,0.15295078,46.0,0,0,1
7.37,0.14144572,40.0,0,0,1
7.375,0.12952126,32.0,0,0,1
7.38,0.11724142,24.0,0,0,1
7.385,0.10454146,20.0,0,0,1
7.39,0.09162398,18.0,0,0,1
7.395,0.07800634,17.0,0,0,1
7.4,0.06267531,17.0,0,0,1
7.405,0.04522689,17.0,0,0,1
7.41,0.02563013,16.0,0,0,1
7.415,0.00416115,16.0,0,0,1
7.42,-0.01867901,15.0,0,0,1
7.425,-0.04197314,13.0,0,0,1
7.43,-0.06481068,10.0,0,0,1
7.435,-0.08680566,7.0,0,0,1
7.44,-0.10778031,4.0,0,0,1
7.445,-0.12707079,2.0,0,0,1
7.45,-0.14326158,0.0,0,0,0
7.455,-0.15630307,-1.0,0,0,0
7.46,-0.16814718,-1.0,0,0,0
7.465,-0.17955071,0.0,0,0,0
7.47,-0.18920619,-1.0,0,0,0
7.475,-0.19638429,-1.0,0,0,0
7.48,-0.20160904,0.0,0,0,0
7.485,-0.20518205,0.0,0,0,0
7.49,-0.20681282,0.0,0,0,0
7.495,-0.20645991,0.0,0,0,0
7.5,-0.20440783,0.0,0,0,0
7.505,-0.20085716,0.0,0,0,0
7.51,-0.19588476,0.0,0,0,0
7.515,-0.18965299,0.0,0,0,0
7.52,-0.1823788,0.0,0,0,0
7.525,-0.17423868,0.0,0,0,0
7.53,-0.16539064,0.0,0,0,0
7.535,-0.15599413,0.0,0,0,0
7.54,-0.14619706,0.0,0,0,0
7.545,-0.13612095,0.0,0,0,0
7.55,-0.12587778,0.0,0,0,0
7.555,-0.11555765,0.0,0,0,0
7.56,-0.1052385,0.0,0,0,0
7.565,-0.09497869,0.0,0,0,0
7.57,-0.08482864,0.0,0,0,0
7.575,-0.07482427,0.0,0,0,0
7.58,-0.06499548,0.0,0,0,0
7.585,-0.05536303,0.0,0,0,0
7.59,-0.04594421,0.0,0,0,0
7.595,-0.0367527,0.0,0,0,0
7.6,-0.02780126,0.0,0,0,0
7.605,-0.01910326,0.0,0,0,0
7.61,-0.01067413,0.0,0,0,0
7.615,-0.00253218,0.0,0,0,0
7.62,0.00530498,0.0,0,0,0
7.625,0.01281211,0.0,0,0,0
7.63,0.01995712,0.0,0,0,0
7.635,0.02670067,0.0,0,0,0
7.64,0.03299946,0.0,0,0,0
7.645,0.03879534,0.0,0,0,0
7.65,0.04403055,0.0,0,0,0
7.655,0.04866008,0.0,0,0,0
7.66,0.05262914,0.0,0,0,0
7.665,0.05589029,0.0,0,0,0
7.67,0.05842338,0.0,0,0,0
7.675,0.06023728,0.0,0,0,0
7.68,0.06135327,0.0,0,0,0
7.685,0.06184097,0.0,0,0,0
7.69,0.06179001,0.0,0,0,0
7.695,0.0613054,0.0,0,0,0
7.7,0.06048611,0.0,0,0,0
7.705,0.05939353,0.0,0,0,0
7.71,0.05807879,0.0,0,0,0
7.715,0.0565817,0.0,0,0,0
7.72,0.05493308,0.0,0,0,0
7.725,0.05317066,0.0,0,0,0
7.73,0.05133717,0.0,0,0,0
7.735,0.0494749,0.0,0,0,0
7.74,0.04762778,0.0,0,0,0
7.745,0.04583474,0.0,0,0,0
7.75,0.04412734,0.0,0,0,0
7.755,0.04253331,0.0,0,0,0
7.76,0.04107989,0.0,0,0,0
7.765,0.03978368,0.0,0,0,0
7.77,0.03865042,0.0,0,0,0
7.775,0.03767337,0.0,0,0,0
7.78,0.03686359,0.0,0,0,0
7.785,0.0362336,0.0,0,0,0
7.79,0.03576816,0.0,0,0,0
7.795,0.03548213,0.0,0,0,0
7.8,0.03543385,0.0,0,0,0
7.805,0.035622,0.0,0,0,0
7.81,0.03599042,0.0,0,0,0
7.815,0.03669701,0.0,0,0,0
7.82,0.03805767,0.0,0,0,0
7.825,0.0402134,0.0,0,0,0
7.83,0.04284387,0.0,0,0,0
7.835,0.04374665,0.0,0,0,0
7.84,0.04374665,0.0,0,0,0
7.845,0.04015193,0.0,0,0,0
7.85,0.03350187,0.0,0,0,0
7.855,0.02789017,1.0,1,0,0
7.86,0.02409525,2.0,1,0,0
7.865,0.02037242,3.0,1,0,0
7.87,0.0166932,4.0,1,0,0
7.875,0.01399223,8.0,1,0,0
7.88,0.01194857,13.0,1,0,0
7.885,0.00978082,18.0,1,0,0
7.89,0.00726587,22.0,1,0,0
7.895,0.00468795,25.0,1,0,0
7.9,0.00245441,27.0,1,0,0
7.905,0.00068535,29.0,1,0,0
7.91,-0.00064815,30.0,1,0,0
7.915,-0.00149967,31.0,1,0,0
7.92,-0.00180756,33.0,1,0,0
7.925,-0.00153929,35.0,1,0,0
7.93,-0.00067663,37.0,1,0,0
7.935,0.00080164,40.0,1,0,0
7.94,0.00290872,43.0,1,1,0
7.945,0.00568401,47.0,1,1,0
7.95,0.00917922,51.0,1,1,0
7.955,0.01339092,55.0,1,1,0
7.96,0.018254,57.0,1,1,0
7.965,0.02372469,60.0,1,1,1
7.97,0.02973636,62.0,1,1,1
7.975,0.03616501,64.0,1,1,1
7.98,0.042867,66.0,1,1,1
7.985,0.04972083,67.0,1,1,1
7.99,0.05659102,69.0,1,1,1
7.995,0.06333132,70.0,1,1,1
8.0,0.06995523,72.0,1,1,1
8.005,0.07662423,74.0,1,1,1
8.01,0.08337154,76.0,1,1,1
8.015,0.08997921,77.0,1,1,1
8.02,0.09619783,77.0,1,1,1
8.025,0.10197131,78.0,1,1,1
8.03,0.10737952,78.0,1,1,1
8.035,0.11245575,78.0,1,1,1
8.04,0.11719459,78.0,1,1,1
8.045,0.12160454,78.0,1,1,1
8.05,0.12570873,78.0,1,1,1
8.055,0.12952676,77.0,1,1,1
8.06,0.13307596,77.0,1,1,1
8.065,0.1363742,76.0,1,1,1
8.07,0.13943825,75.0,1,1,1
8.075,0.14228463,74.0,1,1,1
8.08,0.14492997,73.0,1,1,1
8.085,0.1473901,72.0,1,1,1
8.09,0.14968071,71.0,1,1,1
8.095,0.15181743,69.0,1,1,1
8.1,0.15381484,68.0,1,1,1
8.105,0.15568624,67.0,1,1,1
8.11,0.1574417,65.0,1,1,1
8.115,0.15908964,64.0,1,1,1
8.12,0.16063514,63.0,1,1,1
8.125,0.1620822,62.0,1,1,1
8.13,0.16343366,61.0,1,1,1
8.135,0.16469281,60.0,1,1,1
8.14,0.16586432,59.0,1,1,1
8.145,0.16695381,59.0,1,1,1
8.15,0.16796923,58.0,1,1,1
8.155,0.16891943,57.0,1,1,1
8.16,0.16981423,57.0,1,1,1
8.165,0.17066374,56.0,1,1,1
8.17,0.17148105,56.0,1,1,1
8.175,0.1722813,55.0,1,1,1
8.18,0.17307756,55.0,1,1,1
8.185,0.1738785,54.0,1,1,1
8.19,0.17468824,54.0,1,1,1
8.195,0.17551176,54.0,1,1,1
8.2,0.176355,54.0,1,1,1
8.205,0.17722382,54.0,1,1,1
8.21,0.1781231,54.0,1,1,1
8.215,0.17905695,54.0,1,1,1
8.22,0.18002891,54.0,1,1,1
8.225,0.18104244,54.0,1,1,1
8.23,0.18210292,55.0,1,1,1
8.235,0.18321736,55.0,1,1,1
8.24,0.18439571,56.0,1,1,1
8.245,0.18564954,56.0,1,1,1
8.25,0.18699047,57.0,1,1,1
8.255,0.18842989,57.0,1,1,1
8.26,0.18997981,58.0,1,1,1
8.265,0.19165237,59.0,1,1,1
8.27,0.19346319,59.0,1,1,1
8.275,0.19543084,60.0,1,1,1
8.28,0.1975722,61.0,1,1,1
8.285,0.19989881,62.0,1,1,1
8.29,0.20240995,63.0,1,1,1
8.295,0.20509964,64.0,1,1,1
8.3,0.20795331,65.0,1,1,1
8.305,0.21095265,66.0,1,1,1
8.31,0.21407687,67.0,1,1,1
8.315,0.21730533,69.0,0,1,1
8.32,0.22061091,70.0,0,1,1
8.325,0.22396147,71.0,0,1,1
8.33,0.22731967,72.0,0,1,1
8.335,0.23064748,73.0,0,1,1
8.34,0.23390412,74.0,0,1,1
8.345,0.23704647,75.0,0,1,1
8.35,0.24002732,77.0,0,1,1
8.355,0.24279974,78.0,0,1,1
8.36,0.24532021,79.0,0,1,1
8.365,0.24754496,80.0,0,1,1
8.37,0.24942926,80.0,0,1,1
8.375,0.25092895,81.0,0,1,1
8.38,0.25200138,82.0,0,1,1
8.385,0.25260522,82.0,0,1,1
8.39,0.25270225,82.0,0,1,1
8.395,0.25225676,82.0,0,1,1
8.4,0.25124637,82.0,0,1,1
8.405,0.24965892,82.0,0,1,1
8.41,0.24749699,81.0,0,1,1
8.415,0.24476377,81.0,0,1,1
8.42,0.24142105,80.0,0,1,1
8.425,0.23740476,79.0,0,1,1
8.43,0.23268679,77.0,0,1,1
8.435,0.22728322,75.0,0,1,1
8.44,0.22127031,73.0,0,1,1
8.445,0.21473746,71.0,0,0,1
8.45,0.20771869,69.0,0,0,1
8.455,0.20019181,66.0,0,0,1
8.46,0.19209042,63.0,0,0,1
8.465,0.18335685,60.0,0,0,1
8.47,0.17394537,56.0,0,0,1
8.475,0.16381132,52.0,0,0,1
8.48,0.15295078,46.0,0,0,1
8.485,0.14144572,40.0,0,0,1
8.49,0.12952126,32.0,0,0,1
8.495,0.11724142,24.0,0,0,1
8.5,0.10454146,20.0,0,0,1
8.505,0.09162398,18.0,0,0,1
8.51,0.07800634,17.0,0,0,1
8.515,0.06267531,17.0,0,0,1
8.52,0.04522689,17.0,0,0,1
8.525,0.02563013,16.0,0,0,1
8.53,0.00416115,16.0,0,0,1
8.535,-0.01867901,15.0,0,0,1
8.54,-0.04197314,13.0,0,0,1
8.545,-0.06481068,10.0,0,0,1
8.55,-0.08680566,7.0,0,0,1
8.555,-0.10778031,4.0,0,0,1
8.56,-0.12707079,2.0,0,0,1
8.565,-0.14326158,0.0,0,0,0
8.57,-0.15630307,-1.0,0,0,0
8.575,-0.16814718,-1.0,0,0,0
8.58,-0.17955071,0.0,0,0,0
8.585,-0.18920619,-1.0,0,0,0
8.59,-0.19638429,-1.0,0,0,0
8.595,-0.20160904,0.0,0,0,0
8.6,-0.20518205,0.0,0,0,0
8.605,-0.20681282,0.0,0,0,0
8.61,-0.20645991,0.0,0,0,0
8.615,-0.20440783,0.0,0,0,0
8.62,-0.20085716,0.0,0,0,0
8.625,-0.19588476,0.0,0,0,0
8.63,-0.18965299,0.0,0,0,0
8.635,-0.1823788,0.0,0,0,0
8.64,-0.17423868,0.0,0,0,0
8.645,-0.16539064,0.0,0,0,0
8.65,-0.15599413,0.0,0,0,0
8.655,-0.14619706,0.0,0,0,0
8.66,-0.13612095,0.0,0,0,0
8.665,-0.12587778,0.0,0,0,0
8.67,-0.11555765,0.0,0,0,0
8.675,-0.1052385,0.0,0,0,0
8.68,-0.09497869,0.0,0,0,0
8.685,-0.08482864,0.0,0,0,0
8.69,-0.07482427,0.0,0,0,0
8.695,-0.06499548,0.0,0,0,0
8.7,-0.05536303,0.0,0,0,0
8.705,-0.04594421,0.0,0,0,0
8.71,-0.0367527,0.0,0,0,0
8.715,-0.02780126,0.0,0,0,0
8.72,-0.01910326,0.0,0,0,0
8.725,-0.01067413,0.0,0,0,0
8.73,-0.00253218,0.0,0,0,0
8.735,0.00530498,0.0,0,0,0
8.74,0.01281211,0.0,0,0,0
8.745,0.01995712,0.0,0,0,0
8.75,0.02670067,0.0,0,0,0
8.755,0.03299946,0.0,0,0,0
8.76,0.03879534,0.0,0,0,0
8.765,0.04403055,0.0,0,0,0
8.77,0.04866008,0.0,0,0,0
8.775,0.05262914,0.0,0,0,0
8.78,0.05589029,0.0,0,0,0
8.785,0.05842338,0.0,0,0,0
8.79,0.06023728,0.0,0,0,0
8.795,0.06135327,0.0,0,0,0
8.8,0.06184097,0.0,0,0,0
8.805,0.06179001,0.0,0,0,0
8.81,0.0613054,0.0,0,0,0
8.815,0.06048611,0.0,0,0,0
8.82,0.05939353,0.0,0,0,0
8.825,0.05807879,0.0,0,0,0
8.83,0.0565817,0.0,0,0,0
8.835,0.05493308,0.0,0,0,0
8.84,0.05317066,0.0,0,0,0
8.845,0.05133717,0.0,0,0,0
8.85,0.0494749,0.0,0,0,0
8.855,0.04762778,0.0,0,0,0
8.86,0.04583474,0.0,0,0,0
8.865,0.04412734,0.0,0,0,0
8.87,0.04253331,0.0,0,0,0
8.875,0.04107989,0.0,0,0,0
8.88,0.03978368,0.0,0,0,0
8.885,0.03865042,0.0,0,0,0
8.89,0.03767337,0.0,0,0,0
8.895,0.03686359,0.0,0,0,0
8.9,0.0362336,0.0,0,0,0
8.905,0.03576816,0.0,0,0,0
8.91,0.03548213,0.0,0,0,0
8.915,0.03543385,0.0,0,0,0
8.92,0.035622,0.0,0,0,0
8.925,0.03599042,0.0,0,0,0
8.93,0.03669701,0.0,0,0,0
8.935,0.03805767,0.0,0,0,0
8.94,0.0402134,0.0,0,0,0
8.945,0.04284387,0.0,0,0,0
8.95,0.04374665,0.0,0,0,0
8.955,0.04374665,0.0,0,0,0
8.96,0.04015193,0.0,0,0,0
8.965,0.03350187,0.0,0,0,0
8.97,0.02789017,1.0,1,0,0
8.975,0.02409525,2.0,1,0,0
8.98,0.02037242,3.0,1,0,0
8.985,0.0166932,4.0,1,0,0
8.99,0.01399223,8.0,1,0,0
8.995,0.01194857,13.0,1,0,0
9.0,0.00978082,18.0,1,0,0
9.005,0.00726587,22.0,1,0,0
9.01,0.00468795,25.0,1,0,0
9.015,0.00245441,27.0,1,0,0
9.02,0.00068535,29.0,1,0,0
9.025,-0.00064815,30.0,1,0,0
9.03,-0.00149967,31.0,1,0,0
9.035,-0.00180756,33.0,1,0,0
9.04,-0.00153929,35.0,1,0,0
9.045,-0.00067663,37.0,1,0,0
9.05,0.00080164,40.0,1,0,0
9.055,0.00290872,43.0,1,1,0
9.06,0.00568401,47.0,1,1,0
9.065,0.00917922,51.0,1,1,0
9.07,0.01339092,55.0,1,1,0
9.075,0.018254,57.0,1,1,0
9.08,0.02372469,60.0,1,1,1
9.085,0.02973636,62.0,1,1,1
9.09,0.03616501,64.0,1,1,1
9.095,0.042867,66.0,1,1,1
9.1,0.04972083,67.0,1,1,1
9.105,0.05659102,69.0,1,1,1
9.11,0.06333132,70.0,1,1,1
9.115,0.06995523,72.0,1,1,1
9.12,0.07662423,74.0,1,1,1
9.125,0.08337154,76.0,1,1,1
9.13,0.08997921,77.0,1,1,1
9.135,0.09619783,77.0,1,1,1
9.14,0.10197131,78.0,1,1,1
9.145,0.10737952,78.0,1,1,1
9.15,0.11245575,78.0,1,1,1
9.155,0.11719459,78.0,1,1,1
9.16,0.12160454,78.0,1,1,1
9.165,0.12570873,78.0,1,1,1
9.17,0.12952676,77.0,1,1,1
9.175,0.13307596,77.0,1,1,1
9.18,0.1363742,76.0,1,1,1
9.185,0.13943825,75.0,1,1,1
9.19,0.14228463,74.0,1,1,1
9.195,0.14492997,73.0,1,1,1
9.2,0.1473901,72.0,1,1,1
9.205,0.14968071,71.0,1,1,1
9.21,0.15181743,69.0,1,1,1
9.215,0.15381484,68.0,1,1,1
9.22,0.15568624,67.0,1,1,1
9.225,0.1574417,65.0,1,1,1
9.23,0.15908964,64.0,1,1,1
9.235,0.16063514,63.0,1,1,1
9.24,0.1620822,62.0,1,1,1
9.245,0.16343366,61.0,1,1,1
9.25,0.16469281,60.0,1,1,1
9.255,0.16586432,59.0,1,1,1
9.26,0.16695381,59.0,1,1,1
9.265,0.16796923,58.0,1,1,1
9.27,0.16891943,57.0,1,1,1
9.275,0.16981423,57.0,1,1,1
9.28,0.17066374,56.0,1,1,1
9.285,0.17148105,56.0,1,1,1
9.29,0.1722813,55.0,1,1,1
9.295,0.17307756,55.0,1,1,1
9.3,0.1738785,54.0,1,1,1
9.305,0.17468824,54.0,1,1,1
9.31,0.17551176,54.0,1,1,1
9.315,0.176355,54.0,1,1,1
9.32,0.17722382,54.0,1,1,1
9.325,0.1781231,54.0,1,1,1
9.33,0.17905695,54.0,1,1,1
9.335,0.18002891,54.0,1,1,1
9.34,0.18104244,54.0,1,1,1
9.345,0.18210292,55.0,1,1,1
9.35,0.18321736,55.0,1,1,1
9.355,0.18439571,56.0,1,1,1
9.36,0.18564954,56.0,1,1,1
9.365,0.18699047,57.0,1,1,1
9.37,0.18842989,57.0,1,1,1
9.375,0.18997981,58.0,1,1,1
9.38,0.19165237,59.0,1,1,1
9.385,0.19346319,59.0,1,1,1
9.39,0.19543084,60.0,1,1,1
9.395,0.1975722,61.0,1,1,1
9.4,0.19989881,62.0,1,1,1
9.405,0.20240995,63.0,1,1,1
9.41,0.20509964,64.0,1,1,1
9.415,0.20795331,65.0,1,1,1
9.42,0.21095265,66.0,1,1,1
9.425,0.21407687,67.0,1,1,1
9.43,0.21730533,69.0,0,1,1
9.435,0.22061091,70.0,0,1,1
9.44,0.22396147,71.0,0,1,1
9.445,0.22731967,72.0,0,1,1
9.45,0.23064748,73.0,0,1,1
9.455,0.23390412,74.0,0,1,1
9.46,0.23704647,75.0,0,1,1
9.465,0.24002732,77.0,0,1,1
9.47,0.24279974,78.0,0,1,1
9.475,0.24532021,79.0,0,1,1
9.48,0.24754496,80.0,0,1,1
9.485,0.24942926,80.0,0,1,1
9.49,0.25092895,81.0,0,1,1
9.495,0.25200138,82.0,0,1,1
9.5,0.25260522,82.0,0,1,1
9.505,0.25270225,82.0,0,1,1
9.51,0.25225676,82.0,0,1,1
9.515,0.25124637,82.0,0,1,1
9.52,0.24965892,82.0,0,1,1
9.525,0.24749699,81.0,0,1,1
9.53,0.24476377,81.0,0,1,1
9.535,0.24142105,80.0,0,1,1
9.54,0.23740476,79.0,0,1,1
9.545,0.23268679,77.0,0,1,1
9.55,0.22728322,75.0,0,1,1
9.555,0.22127031,73.0,0,1,1
9.56,0.21473746,71.0,0,0,1
9.565,0.20771869,69.0,0,0,1
9.57,0.20019181,66.0,0,0,1
9.575,0.19209042,63.0,0,0,1
9.58,0.18335685,60.0,0,0,1
9.585,0.17394537,56.0,0,0,1
9.59,0.16381132,52.0,0,0,1
9.595,0.15295078,46.0,0,0,1
9.6,0.14144572,40.0,0,0,1
9.605,0.12952126,32.0,0,0,1
9.61,0.11724142,24.0,0,0,1
9.615,0.10454146,20.0,0,0,1
9.62,0.09162398,18.0,0,0,1
9.625,0.07800634,17.0,0,0,1
9.63,0.06267531,17.0,0,0,1
9.635,0.04522689,17.0,0,0,1
9.64,0.02563013,16.0,0,0,1
9.645,0.00416115,16.0,0,0,1
9.65,-0.01867901,15.0,0,0,1
9.655,-0.04197314,13.0,0,0,1
9.66,-0.06481068,10.0,0,0,1
9.665,-0.08680566,7.0,0,0,1
9.67,-0.10778031,4.0,0,0,1
9.675,-0.12707079,2.0,0,0,1
9.68,-0.14326158,0.0,0,0,0
9.685,-0.15630307,-1.0,0,0,0
9.69,-0.16814718,-1.0,0,0,0
9.695,-0.17955071,0.0,0,0,0
9.7,-0.18920619,-1.0,0,0,0
9.705,-0.19638429,-1.0,0,0,0
9.71,-0.20160904,0.0,0,0,0
9.715,-0.20518205,0.0,0,0,0
9.72,-0.20681282,0.0,0,0,0
9.725,-0.20645991,0.0,0,0,0
9.73,-0.20440783,0.0,0,0,0
9.735,-0.20085716,0.0,0,0,0
9.74,-0.19588476,0.0,0,0,0
9.745,-0.18965299,0.0,0,0,0
9.75,-0.1823788,0.0,0,0,0
9.755,-0.17423868,0.0,0,0,0
9.76,-0.16539064,0.0,0,0,0
9.765,-0.15599413,0.0,0,0,0
9.77,-0.14619706,0.0,0,0,0
9.775,-0.13612095,0.0,0,0,0
9.78,-0.12587778,0.0,0,0,0
9.785,-0.11555765,0.0,0,0,0
9.79,-0.1052385,0.0,0,0,0
9.795,-0.09497869,0.0,0,0,0
9.8,-0.08482864,0.0,0,0,0
9.805,-0.07482427,0.0,0,0,0
9.81,-0.06499548,0.0,0,0,0
9.815,-0.05536303,0.0,0,0,0
9.82,-0.04594421,0.0,0,0,0
9.825,-0.0367527,0.0,0,0,0
9.83,-0.02780126,0.0,0,0,0
9.835,-0.01910326,0.0,0,0,0
9.84,-0.01067413,0.0,0,0,0
9.845,-0.00253218,0.0,0,0,0
9.85,0.00530498,0.0,0,0,0
9.855,0.01281211,0.0,0,0,0
9.86,0.01995712,0.0,0,0,0
9.865,0.02670067,0.0,0,0,0
9.87,0.03299946,0.0,0,0,0
9.875,0.03879534,0.0,0,0,0
9.88,0.04403055,0.0,0,0,0
9.885,0.04866008,0.0,0,0,0
9.89,0.05262914,0.0,0,0,0
9.895,0.05589029,0.0,0,0,0
9.9,0.05842338,0.0,0,0,0
9.905,0.06023728,0.0,0,0,0
9.91,0.06135327,0.0,0,0,0
9.915,0.06184097,0.0,0,0,0
9.92,0.06179001,0.0,0,0,0
9.925,0.0613054,0.0,0,0,0
9.93,0.06048611,0.0,0,0,0
9.935,0.05939353,0.0,0,0,0
9.94,0.05807879,0.0,0,0,0
9.945,0.0565817,0.0,0,0,0
9.95,0.05493308,0.0,0,0,0
9.955,0.05317066,0.0,0,0,0
9.96,0.05133717,0.0,0,0,0
9.965,0.0494749,0.0,0,0,0
9.97,0.04762778,0.0,0,0,0
9.975,0.04583474,0.0,0,0,0
9.98,0.04412734,0.0,0,0,0
9.985,0.04253331,0.0,0,0,0
9.99,0.04107989,0.0,0,0,0
9.995,0.03978368,0.0,0,0,0
10.0,0.03865042,0.0,0,0,0
10.005,0.03767337,0.0,0,0,0
10.01,0.03686359,0.0,0,0,0
10.015,0.0362336,0.0,0,0,0
10.02,0.03576816,0.0,0,0,0
10.025,0.03548213,0.0,0,0,0
10.03,0.03543385,0.0,0,0,0
10.035,0.035622,0.0,0,0,0
10.04,0.03599042,0.0,0,0,0
10.045,0.03669701,0.0,0,0,0
10.05,0.03805767,0.0,0,0,0
10.055,0.0402134,0.0,0,0,0
10.06,0.04284387,0.0,0,0,0
10.065,0.04374665,0.0,0,0,0
